11,384,8,568,115
1279,267,1520,642,143
1719,492,1522,678,251
1777,382,648,46,258
1847,389,1033,1033,286
1544,416,1537,1581,287
1710,427,1543,544,194
785,313,568,527,268
104,314,642,1590,197
1803,315,678,548,199
1859,317,548,1399,163
569,322,544,1309,338
1832,326,1399,939,89
627,336,817,817,385
335,354,1512,1193,749
1669,355,600,1313,795
663,255,607,1677,1416
1695,46,393,1691,456
1833,30,1826,1693,1027
1601,277,1827,956,145
463,278,1284,1386,142
545,282,1322,998,134
1037,283,1694,1886,141
1552,232,1671,626,61
92,488,582,1629,63
1563,502,1462,1705,65
1632,266,872,1012,712
1785,358,1035,1544,140
1683,1094,1040,1680,1421
1809,1096,772,522,1359
1853,1103,1206,1107,1417
1434,1104,1423,1410,594
1574,1203,1557,982,455
1760,533,1689,531,500
1789,930,1560,281,187
1836,931,1772,1745,144
58,933,326,731,117
1566,934,336,1729,166
1764,994,1521,694,97
1604,898,1790,1095,171
1651,939,1244,393,179
1713,947,14,892,185
426,993,19,513,155
1616,904,189,266,133
1661,244,1030,594,527
1343,423,1629,381,432
1442,475,1705,158,400
1641,487,1169,1066,484
1225,1106,1810,162,328
646,1193,1172,1332,568
1035,789,1538,953,522
1568,837,64,988,540
438,847,1882,1359,605
544,634,1441,1463,526
652,568,46,1423,642
1216,642,837,698,458
1382,513,383,1625,313
1399,594,486,1884,446
1431,522,1339,1568,317
1581,531,399,1333,283
633,539,139,11,152
1313,158,1712,539,320
1383,162,1001,1458,375
1486,626,535,1106,646
1487,1581,1636,784,508
1565,1582,1113,649,1066
268,1583,1581,906,510
387,1589,956,1380,55
568,1886,1359,997,553
642,678,281,1462,719
678,527,1095,486,513
1556,928,1330,1591,404
10,688,1371,358,369
527,697,1699,1072,374
622,974,1701,1723,390
1165,1125,217,384,1637
1488,1127,388,1086,1524
1841,1130,1632,1849,1841
1855,1516,322,66,1460
5,1119,847,1038,1227
46,381,527,1045,737
69,243,1590,1812,494
644,1304,483,1206,261
1590,943,1309,1261,66
1869,73,1386,1271,453
1569,332,1768,1284,459
1088,1351,1850,1811,817
473,1028,867,1322,529
979,1033,1680,646,127
1027,548,1796,1683,130
1028,553,1344,1505,544
1033,557,1573,267,318
1106,561,1723,1434,386
624,699,1735,1728,1166
626,1590,1638,1761,441
748,1623,303,1306,1521
879,1529,271,1638,1527
922,1596,1571,780,1310
953,1629,1618,438,360
1032,1705,1036,1344,319
1048,222,1713,872,409
1066,66,1375,1417,694
1309,249,958,1301,305
1625,305,395,750,551
1701,438,1665,1510,622
1886,218,1225,1582,316
384,219,624,375,314
613,302,1593,600,384
630,417,1640,1361,425
1017,431,212,607,267
1029,631,1758,1529,764
1030,1008,1759,365,196
1212,1108,1766,782,501
1217,1122,1856,1246,99
1228,1219,1745,1379,539
1429,318,1107,1461,88
1884,319,297,1623,98
233,327,1265,1232,988
907,360,1575,1701,105
908,375,912,1166,531
942,409,1425,633,769
1410,641,348,1713,1845
1664,659,753,634,1697
1877,726,1580,994,1448
45,733,700,1696,1276
67,679,313,851,210
645,718,314,852,1433
985,564,375,926,1258
1065,365,1729,1848,1256
1071,80,215,961,518
1075,1544,228,1624,547
1166,1664,230,208,485
9,1332,231,662,1269
139,1461,240,772,537
381,1534,241,73,1095
1795,866,1246,918,552
1812,1052,1379,1087,681
1843,483,1145,1372,625
4,544,1173,578,1230
189,780,31,1563,1303
208,1373,33,1689,232
1006,1415,1410,407,359
1333,1418,1257,1455,559
1349,1426,1266,483,573
1811,1436,774,775,96
1638,1403,435,536,90
1646,1413,436,1096,204
1689,565,1352,1304,1635
1837,571,1449,189,1757
1510,744,1539,1103,311
1678,758,869,1104,215
1708,883,643,1472,240
1717,982,1819,1768,230
1722,1012,1439,139,339
1727,906,1260,597,327
1728,998,1771,1850,252
1761,1049,1563,1692,266
1792,961,754,1439,614
158,1625,414,30,773
162,1677,252,883,727
547,1691,1743,1780,344
548,1692,1502,1758,610
638,1693,1047,1759,340
653,1562,911,912,869
657,1688,1703,1521,711
731,525,1024,68,558
736,735,615,1766,495
838,694,739,637,1493
1047,341,1013,1856,569
1101,655,1112,357,824
1332,740,939,326,450
1681,1292,244,904,222
25,606,423,1349,695
525,1232,1193,336,706
732,723,66,244,651
735,728,1677,837,322
906,1199,1691,1841,884
980,1624,1824,947,289
982,698,1825,423,1250
988,1762,55,1512,793
998,1505,870,1796,883
1012,851,1120,55,454
1623,852,1137,933,457
1762,68,1144,648,272
2,444,1157,444,288
1624,357,1164,847,292
1648,1038,1170,1735,750
1655,1045,1553,322,1285
1798,1050,597,802,707
3,1022,766,999,778
649,1015,1223,914,371
716,1073,1248,1716,823
898,782,441,811,408
939,784,11,1136,740
972,900,1716,1441,666
997,731,1434,929,307
999,732,1715,1764,717
1001,511,1757,571,593
1007,1313,1360,2,731
1067,1399,1046,867,447
698,1372,216,1552,192
750,1594,1748,1493,632
947,884,1063,313,636
1034,892,209,1022,924
1180,926,201,314,1438
1461,919,1487,641,561
1582,965,1031,993,702
1583,1309,1731,1877,701
1589,1261,1702,616,690
782,1361,1383,1288,474
793,1234,657,1330,1482
817,1301,1730,545,1475
851,1306,893,215,708
852,1316,311,613,403
897,1378,1155,1225,772
1070,1386,560,744,125
1181,1329,1693,228,1087
1441,1340,1038,631,1320
1493,858,1045,726,1271
1677,902,1463,1371,216
1691,407,761,230,709
1692,459,1591,565,732
1693,468,1849,231,1418
730,474,616,761,1313
741,328,992,659,1086
764,385,1531,240,1272
780,446,1749,492,1054
784,453,1750,241,1055
812,455,1859,972,1056
872,456,1747,431,811
963,484,354,733,934
971,988,355,1314,1081
976,750,1096,243,951
977,817,1103,925,954
993,1072,1104,1378,1038
1049,1086,883,1049,1045
1222,1025,1072,980,1046
1271,1054,1086,1028,1051
1273,1055,1780,1071,1053
1387,1780,775,1717,671
1396,1588,1148,1035,939
1397,1758,1149,758,511
1422,1759,1152,1015,952
1439,1763,1153,1054,927
1452,1766,1158,1055,1461
1455,1768,651,1125,948
209,1850,765,1859,1186
350,1856,903,249,434
512,918,1767,552,668
513,925,353,1127,1199
534,901,1740,1632,723
535,1385,1600,1664,728
576,956,1428,1130,638
590,860,1453,1596,242
594,865,1734,1047,517
632,867,1554,1571,805
797,857,894,1002,521
853,1014,888,1708,1590
884,536,1097,1300,1589
892,832,1100,1727,1583
910,813,1102,1767,436
918,721,1201,1258,667
926,810,1150,1169,509
948,864,1151,417,897
1107,1493,1154,1122,782
1184,822,1205,354,1143
1185,1458,699,1172,1050
1200,1463,1313,58,733
1221,1468,858,355,659
1261,1469,1458,297,609
1326,1087,1417,804,977
1361,578,1380,254,976
1370,1143,1685,10,1455
1532,662,1252,294,943
1635,637,490,808,698
1723,664,1611,488,541
1835,450,421,1594,867
201,772,972,502,1373
380,761,312,1397,615
393,687,1877,1422,566
524,693,1764,663,655
811,1359,72,1487,1134
904,1417,1831,359,525
912,1421,1214,1030,1372
943,1460,1867,1762,1351
956,281,1488,1065,280
1186,238,1026,1699,933
1193,479,1346,475,944
1327,323,736,419,935
1587,1785,1501,487,557
1591,1683,572,870,925
1619,1680,720,1847,918
1620,1682,558,1340,995
1626,1696,522,1573,898
1627,1729,998,219,1194
1633,1745,511,992,866
1634,1848,328,1120,1222
1642,1796,1333,302,1397
1645,830,649,1137,75
1793,1134,997,1145,217
1849,550,1491,624,1277
71,562,1578,1383,578
178,646,48,335,1304
346,1105,1166,1011,971
498,256,1348,232,700
618,1812,1362,943,202
665,1811,214,4,763
694,1510,196,1143,461
802,1717,408,1681,109
804,1653,351,1006,205
808,1684,790,1604,198
833,1706,225,1173,236
1123,1824,226,699,931
1143,1825,1637,3,930
1207,55,242,679,994
1226,294,1305,1144,415
1234,298,1506,330,1057
1250,330,1369,991,1062
1294,339,200,339,662
1298,359,373,1075,905
1299,369,401,718,1587
1301,370,400,1004,1671
1306,374,715,399,1535
1316,390,1793,1565,250
1378,391,1555,1348,350
1386,404,547,1157,382
1392,429,638,986,373
1423,410,838,1712,496
1541,411,1643,1785,788
1586,215,172,1362,493
1592,228,306,1164,758
1597,230,1720,366,826
1598,231,531,1170,1330
1639,240,694,1685,571
1644,241,459,1460,1429
1647,263,914,383,1447
1659,663,929,1001,678
1660,1288,1066,1025,1427
1665,1380,725,391,1105
1667,1376,691,725,1154
1672,1184,494,1771,490
1680,1200,889,404,70
1682,1326,566,67,367
1731,366,825,1431,674
1765,703,836,766,312
1874,1884,621,1148,830
36,552,791,104,729
159,1095,1607,1101,781
207,264,1101,25,628
223,275,1241,1385,203
243,1567,1548,1695,184
247,1685,1609,889,191
285,752,69,1149,195
466,1222,716,697,176
662,1397,1518,1488,650
771,1422,227,1618,928
822,1350,1549,985,361
1002,1404,266,1152,974
1087,1708,679,312,229
1237,1727,718,1468,514
1242,1728,571,1557,815
1247,1761,744,1665,433
1249,1107,1012,1153,128
1254,775,892,209,77
1256,913,294,774,244
1258,914,359,1669,460
1270,929,1350,14,1292
1288,957,1404,1158,1181
1300,986,953,19,1796
1314,991,1271,858,1508
1315,1004,719,1491,1346
1323,1011,1517,1837,1266
1380,1206,1519,1579,1265
1513,1246,1841,1578,1425
1584,1344,980,525,1260
1673,1379,496,535,699
1696,1364,983,785,235
1702,831,981,201,211
1703,1187,917,735,226
1712,803,1367,812,1232
1729,845,1058,435,1368
1730,870,1669,496,464
1745,1120,257,765,1131
1848,1137,1792,1037,1848
40,868,1212,436,26
334,1144,1429,410,326
505,1145,601,1350,761
522,1148,1211,1574,759
529,1149,796,411,639
530,1152,1662,1760,1537
531,1153,770,1823,1681
536,1157,681,303,349
539,1158,488,1404,411
540,1164,502,643,355
552,1168,475,825,363
577,1169,487,1034,407
578,1170,641,459,548
637,1172,726,879,640
737,1173,565,836,515
844,1174,758,907,1008
961,1177,687,271,1211
1095,1178,693,657,391
1139,1182,605,1352,429
1214,1435,1314,1345,298
1218,383,1349,387,370
1376,812,439,1819,321
1445,575,440,1449,379
1446,486,54,645,1419
1457,1568,1440,910,1219
1458,1472,43,930,68
1463,1462,44,931,881
1468,792,499,441,348
1469,953,764,557,357
1472,1066,1051,1200,507
1501,1320,1159,1234,479
1505,442,659,898,882
1514,755,733,473,968
1518,848,1011,1237,132
1521,849,477,31,1634
1536,1198,526,1265,1644
1643,168,921,1824,1639
1676,254,1039,33,1092
1716,477,274,1339,35
1875,180,75,1825,1642
68,265,1,69,1723
73,1135,24,494,1702
148,1136,52,1619,1729
168,1156,886,319,683
172,1553,50,463,488
177,1271,1017,1538,1426
236,342,1561,687,1415
254,725,1029,1626,323
281,13,350,1703,1324
365,14,692,1798,564
419,19,937,1627,1212
444,20,684,693,572
1239,21,982,268,1208
1240,31,731,651,1200
1264,32,1136,1583,743
1284,33,999,1706,1444
1305,34,1020,1645,1364
1310,503,1357,1830,1002
1311,633,104,1589,439
1322,1059,1569,1257,1033
1506,651,1704,897,1506
1512,691,632,1731,1512
1527,495,445,1840,1031
1571,500,841,1749,1099
1820,508,330,278,1247
72,667,339,1845,1257
238,840,410,1305,378
266,422,411,511,341
267,509,1884,736,254
306,510,991,1506,1674
312,518,1004,719,1629
329,1660,1568,238,1613
357,1667,1472,1829,1663
358,1672,1183,1223,550
366,639,1188,318,736
443,583,1823,479,1106
479,648,1804,1248,345
496,1160,1542,1008,1604
634,458,1514,1181,1764
925,1339,816,72,297
950,1538,994,524,1365
970,654,1886,327,1730
1232,717,557,490,1242
1304,1619,1505,963,1262
1329,1626,1015,1562,1253
1340,1627,988,547,1249
1498,1645,391,40,1251
1511,811,404,638,1126
1528,134,986,1212,631
1542,141,1345,1702,1246
1686,142,1494,1688,1573
1735,145,1464,1569,504
1767,990,1405,884,1286
1771,802,1237,976,1237
1831,804,320,838,1132
1844,808,959,1429,691
30,833,1535,218,726
308,1565,1032,958,1108
345,1681,1676,1266,300
392,1591,1714,1017,1067
407,1849,610,903,840
415,1592,556,1312,895
420,1597,539,1792,567
422,1333,626,1810,126
425,1345,1674,1165,103
432,1070,1289,732,1255
458,649,1290,1366,1229
492,997,1312,1046,635
631,1365,1311,691,1511
1008,489,1815,844,157
1099,494,1507,1374,565
1108,501,1455,1316,892
1109,719,1420,1616,912
1110,1410,708,1029,534
1118,1224,666,793,741
1119,1267,454,427,530
1121,1586,1372,1469,563
1122,1598,453,283,444
1125,597,484,716,843
1127,598,701,1542,842
1128,599,1523,1081,1187
1129,600,1006,1592,106
1130,607,1604,1722,1600
1135,608,985,1221,1566
1136,591,768,1494,234
1156,734,1533,1597,1379
1312,526,1186,1660,260
1508,605,358,477,219
1529,701,1529,388,844
1577,702,1022,1667,1580
1579,704,1081,1793,1377
1580,705,1847,1057,1414
1593,1300,714,1553,168
1594,889,853,1219,497
1596,1455,540,1682,190
1608,1057,737,1062,123
1629,1062,1264,1577,1223
1649,208,537,1686,1547
1650,616,1696,217,904
1705,1427,1848,1838,1818
1774,1443,518,1032,900
246,1456,1323,468,1248
486,566,126,1842,1252
493,393,513,1247,180
692,514,594,1608,1198
738,515,1232,1803,780
1026,516,1320,901,249
1058,517,1552,1740,212
1064,520,18,1844,100
1072,521,757,341,116
1086,532,698,389,101
1091,542,784,342,121
1092,543,1830,1214,915
1219,549,23,1678,1333
1227,805,1620,315,1345
1244,815,709,1672,451
1330,950,103,45,351
1348,316,468,9,1163
1351,1423,179,317,829
1359,1002,185,1108,827
1362,10,1840,382,1141
1366,4,1845,1566,822
1371,2,1595,1655,366
1372,3,1306,216,6
1374,430,134,1639,1806
1416,233,145,1644,1210
1417,9,208,168,697
1421,419,969,305,543
1435,378,186,1351,264
1460,288,1261,1464,1543
1462,297,407,92,1538
1474,290,29,1207,1339
1475,827,1788,1376,582
1476,829,1067,1831,1159
1477,842,1728,422,1664
1481,843,1761,1252,1332
1482,1163,545,1730,435
1484,113,1181,233,1403
1485,130,1258,1697,1473
1489,131,96,414,238
1490,135,107,282,542
1497,403,1576,395,520
1499,765,1053,1520,532
1500,766,677,1882,1018
1515,1491,625,1502,875
1599,1578,431,1684,443
1640,333,365,1522,449
1697,1294,1332,1311,803
1711,1298,1301,928,845
1778,1299,802,1435,1626
1791,1283,1456,1743,1645
1801,1243,419,917,1570
1805,1071,1579,1244,1070
1807,1270,1829,1826,859
1808,1284,1366,764,108
1810,1322,1374,605,124
1817,1221,1862,1827,516
1818,1242,645,1601,342
1822,1247,36,252,1025
1823,1249,1544,1326,1443
1829,1256,578,1537,801
1830,1258,662,1834,225
1834,1239,1812,569,1450
1838,1220,1811,1239,618
1840,1238,141,1543,1123
1842,1262,142,1292,592
1845,1223,966,526,1327
239,1230,1838,608,771
585,1248,1842,1024,902
597,1253,1259,822,1456
598,1257,86,849,1361
599,1265,120,860,1608
600,1433,850,865,1125
601,1251,1307,1063,880
607,1252,1336,1646,118
608,1255,788,922,306
609,1266,1403,1184,1009
615,1282,1002,1661,149
830,695,613,1795,1215
940,879,1654,1387,1442
951,123,1324,1593,1241
954,149,1779,1654,1544
955,1034,1291,1396,562
992,179,465,1249,80
1024,185,424,1224,1565
1025,94,747,334,284
1031,152,82,350,1659
1038,154,267,1580,1667
1040,155,232,1222,1696
1045,818,1054,688,1567
1046,819,1055,1119,122
1050,820,536,1031,784
1051,821,1087,1050,206
1053,1194,811,498,158
1054,807,702,1242,730
1055,876,1300,1040,164
1056,1579,1433,1421,865
1057,164,1615,632,860
1062,874,1878,1036,1712
1063,967,910,1750,1745
1081,774,1837,1058,585
1105,435,17,106,213
1134,436,1656,848,475
1206,441,1646,36,834
1246,490,89,1648,1160
1324,1577,1287,1734,806
1335,1608,278,369,836
1344,1573,933,974,1682
1379,825,158,1425,1785
1419,834,162,1748,423
1492,835,381,1178,679
1560,836,249,1757,718
1562,1723,1361,1403,64
1618,1587,637,1653,1344
1636,1633,154,222,1353
1653,1639,155,5,1122
1654,1644,406,274,962
1684,859,106,429,1459
1688,1387,1574,1501,1385
1699,1396,413,1640,986
1707,1308,380,1560,304
1714,1388,153,458,1220
1718,1389,156,1641,1221
1755,1391,427,1279,1424
1772,863,417,1177,852
1779,49,906,1587,421
106,47,961,919,74
216,907,1625,1067,1004
222,942,1510,913,654
248,963,275,1772,365
371,1019,1178,1633,1849
388,903,13,1327,1592
397,941,503,214,1598
398,960,2,621,1399
424,1089,826,894,406
616,1140,58,1026,1273
775,118,25,1636,1534
846,253,295,255,362
893,190,1732,970,1234
894,325,524,957,779
895,478,897,298,929
913,480,16,1418,914
914,482,1139,639,957
915,1273,1617,853,958
917,1314,1446,1643,947
923,1335,1056,1791,975
924,973,1622,275,993
927,84,110,1020,1064
928,1090,634,1070,120
929,1065,1418,48,343
930,1075,357,1456,549
931,1183,750,172,687
932,1188,901,921,502
933,1195,1177,1869,1079
934,1196,254,374,1022
935,1197,633,1039,1436
936,1202,1224,1135,276
937,1474,290,1518,762
944,1475,1525,1183,1507
946,1476,27,1156,188
952,1481,67,1186,151
957,1482,1431,1188,161
958,1484,1736,518,1193
965,1485,1881,1260,1440
994,1489,1564,1853,1452
1003,1490,1726,1514,1360
1009,1497,237,306,735
1022,1499,79,328,765
1079,1500,161,615,746
1114,1515,163,1516,1636
1161,90,173,1539,86
1162,96,188,64,392
1208,107,112,1415,1133
1210,114,389,1671,1813
1292,124,68,1426,281
1307,165,646,965,1120
1336,204,1706,1294,1137
1346,1377,1288,1620,887
1385,1826,1364,1298,1623
1420,1827,514,830,1596
1447,279,90,1335,1263
1459,613,114,752,200
1464,1697,451,75,401
1494,1823,1686,1649,878
1502,1829,1844,1270,1515
1507,1830,1402,164,1497
1621,1834,1687,1199,170
1652,1840,1695,983,30
1709,1845,785,1774,159
1734,1352,12,1445,224
1736,1356,1795,1588,150
1737,1449,1601,1324,775
1738,1451,148,566,913
1739,451,1245,370,1156
1740,668,382,1217,214
1743,670,315,981,241
1744,671,317,1139,231
1746,48,283,1228,228
1747,467,1304,1763,381
1748,1353,73,1659,364
1749,1450,219,1586,372
1750,999,302,451,476
1751,593,780,1575,243
1781,635,1415,1598,1173
1787,636,1426,1807,1174
1794,640,444,466,1175
1819,650,782,1874,1367
1871,727,926,869,1434
1873,592,919,1094,1381
1876,759,918,1531,1822
60,1517,925,1256,1164
66,1519,1385,13,1145
75,1520,864,833,1170
164,1522,1683,1433,868
217,1526,552,1105,1168
218,1530,20,409,1172
219,1537,21,1513,1169
249,1543,32,390,1146
252,1233,804,1323,1152
271,1319,808,242,1148
274,992,1267,503,1149
284,11,113,1508,1157
300,1166,135,1635,1144
302,40,1071,1836,1158
303,334,1251,380,1153
305,387,1255,1375,1179
311,1655,1065,550,1205
341,1716,204,290,1138
342,1649,1697,562,1155
378,1774,1834,540,870
394,1794,40,1203,848
395,1659,844,1676,1178
396,1874,321,1346,1177
399,473,1393,514,1176
403,56,335,737,22
414,61,1791,1486,766
417,63,1798,893,337
431,78,1603,1413,177
445,129,1858,1299,172
506,65,1860,493,296
555,76,976,874,291
567,83,1760,826,275
572,377,970,348,888
643,1615,1722,701,1520
647,1878,856,934,1522
656,1879,1445,416,1519
672,1880,1303,1343,1517
688,1349,1406,71,110
689,844,6,1373,1856
690,1494,443,1637,1014
697,506,1800,1855,857
713,362,324,1715,416
724,826,1641,1329,389
752,361,1398,723,833
773,966,39,791,487
776,1523,1279,728,113
778,1525,1217,748,1594
781,1531,1228,1517,402
823,1539,505,1567,427
824,869,577,60,828
825,984,338,1519,606
834,1686,707,20,1428
835,1735,1407,1264,1593
836,1767,309,21,1581
848,1844,176,1790,1582
849,1838,195,320,1762
860,1842,199,1818,1526
861,193,175,32,1585
865,280,783,1367,1487
874,321,151,1273,1329
875,504,160,1822,1784
880,1330,169,966,956
881,1348,481,692,1309
882,1362,136,1835,1311
886,1366,137,408,1312
887,1371,30,1436,1264
959,1374,851,426,682
967,1355,852,753,722
974,1358,446,863,1672
986,1402,342,942,1680
991,1393,508,1360,1823
996,1394,268,1789,1830
1004,1395,498,353,1114
1011,1401,92,397,78
1015,1437,1631,398,398
1018,60,1711,453,315
1020,656,1869,495,1755
1073,1419,108,601,1737
1160,1081,447,1747,111
1211,1259,282,868,1369
1345,1778,1106,500,1363
1630,1687,631,1779,967
1700,1674,1461,484,851
1706,335,1413,902,1411
1720,399,1594,598,1340
1726,555,1025,959,1599
1780,689,1460,599,966
1797,346,1057,311,909
1806,1557,1062,1048,1531
22,397,1577,1364,410
224,398,1608,1687,1528
413,406,1075,512,1135
433,58,467,754,1128
434,545,724,1442,1129
460,106,793,724,1705
850,214,710,225,1529
863,683,1846,421,417
889,786,1165,1875,388
921,806,1572,226,227
964,1552,1724,590,926
973,463,1776,1600,1301
1000,1037,1799,1482,1316
1019,643,1327,1707,1306
1039,1654,1754,159,1307
1142,1699,1805,1765,1279
1491,1464,1854,443,1355
1535,1434,1250,508,1358
1555,1289,1121,702,1405
1557,1290,767,196,874
1561,1715,1582,886,333
1564,1546,697,362,50
1573,1628,319,1251,257
1578,872,409,1051,383
1671,1207,564,1481,399
55,1521,1624,1255,1801
288,1161,366,1808,1451
289,1162,849,351,1356
291,1638,639,1484,1410
294,1611,704,1485,1224
297,1804,705,1817,710
298,177,1253,1370,1239
299,196,84,1446,1240
304,25,1233,1794,1119
318,295,1319,1500,1127
319,27,362,668,1571
320,29,60,1555,1733
327,1791,1207,1369,1618
330,1807,1807,1710,1685
339,1808,493,789,1446
359,1817,1675,656,1238
360,1818,1698,1253,1716
362,1822,38,1556,965
369,45,41,755,990
370,67,1875,413,899
374,1678,434,1474,1555
375,1707,1801,1307,253
390,1575,1666,1320,397
391,724,1709,572,1640
404,1648,1868,1736,1715
429,1798,1853,378,876
451,1841,1755,1134,1357
519,1512,394,1694,1142
565,371,250,333,1485
571,1603,15,1809,1395
573,1835,1623,442,1366
583,71,1596,815,129
591,466,1340,790,56
621,1732,815,652,377
639,1839,3,489,256
641,1821,333,1428,183
648,1857,78,606,54
654,1858,1037,1453,647
655,1860,433,1523,1449
658,1872,460,501,1376
659,1862,119,1250,1218
668,1863,1883,148,1034
669,1864,1513,1711,1162
670,1865,763,440,1161
671,1866,673,1611,72
717,507,1752,1820,1817
722,23,181,1019,1226
723,1749,461,277,175
725,1819,59,1128,1558
726,980,674,505,1561
728,793,384,937,1807
729,976,1125,1129,1430
733,1439,1127,1714,1503
734,910,1130,739,972
739,912,1122,439,1505
740,1392,318,730,248
743,496,327,911,1650
744,1312,1373,1833,353
757,1508,1436,850,419
758,1744,1692,577,634
769,303,1378,474,1622
772,433,1493,433,1518
788,460,323,34,991
883,1126,550,460,978
1199,1425,562,1267,556
1224,1260,755,655,239
1352,408,848,1238,480
1353,570,10,264,1195
1356,353,4,950,1196
1367,421,164,1561,1183
1449,439,668,360,486
1450,1278,1508,246,1206
1451,272,570,1584,1015
1524,457,1616,285,1655
1657,93,567,1053,1794
1800,85,1325,1499,1861
227,86,1411,1719,1530
673,120,1128,1241,1612
761,293,1129,1336,1513
762,351,1213,1515,1584
765,790,1430,1356,1574
766,271,1870,420,1523
767,159,1652,864,989
774,224,773,591,1795
791,64,291,1720,1833
816,261,1558,1451,1028
826,187,138,1777,783
899,962,661,832,1501
981,1837,492,256,332
983,524,438,520,1778
989,1503,900,521,1000
995,206,385,553,1197
1438,1576,832,990,422
1473,1431,813,1535,1314
1558,1861,664,1674,1030
1588,1405,369,532,1643
1687,710,429,332,1602
1741,1285,1397,813,1619
1757,105,1422,561,1627
1758,621,442,1420,665
1759,924,34,667,1867
1763,1760,1681,1805,1656
1766,1020,608,1168,1549
1768,921,1034,564,1703
1796,1039,874,622,1808
1850,970,1308,1507,1803
1856,268,1388,200,1832
1882,1571,1389,1007,1710
215,1618,1391,740,1772
228,1006,863,445,1676
229,1710,1335,1220,932
230,1803,334,805,1003
231,1695,387,54,936
232,972,473,134,265
240,897,656,1801,1791
241,312,397,288,1711
242,983,398,1211,431
325,871,463,263,303
405,584,1818,1,1288
410,1616,1822,1073,1380
411,1547,1678,24,76
412,652,1707,145,440
435,653,224,224,641
436,1237,1566,373,1171
437,1254,922,704,1182
441,420,569,401,1362
461,493,246,705,1420
462,274,1765,576,1732
478,981,1486,1832,1698
480,211,1836,900,1713
482,225,1855,1182,1278
489,226,1048,446,1254
490,440,730,1289,1586
494,1286,1099,424,294
495,1269,1118,1218,917
500,595,1064,1490,1780
501,596,519,1262,1673
551,602,437,1497,959
575,174,462,1642,1576
592,116,296,1308,1759
593,497,760,141,1758
635,779,685,1405,1740
636,1363,686,142,1804
640,1566,904,979,879
650,5,1717,1056,1536
719,1635,1708,1388,1850
720,1757,1727,1475,84
727,895,180,1525,83
751,917,265,1180,886
759,498,667,1389,1393
763,119,907,223,1588
870,922,963,1391,1886
888,1701,1649,653,1024
903,1877,1774,1751,52
916,1613,1546,308,1
941,1663,1628,618,505
960,1738,45,1804,996
1036,140,1803,1027,519
1089,133,1661,329,463
1094,1740,1725,555,329
1096,1751,1775,52,677
1097,1846,1679,430,60
1100,1165,1343,403,656
1102,785,1650,1230,162
1103,1036,243,1554,1675
1104,1753,902,971,937
1120,1883,860,325,1657
1137,1542,865,689,1805
1140,1621,1468,1121,921
1201,1781,1143,179,1039
1203,1787,298,1476,792
1220,1871,374,977,825
1238,1873,1567,185,165
1241,1876,868,345,1766
1262,1777,495,567,1768
1334,1661,500,96,1516
1350,887,1427,1843,1846
1368,1229,1443,107,1754
1381,964,520,478,1687
1404,1882,521,1738,1763
1424,1820,532,425,1620
1516,1370,805,1489,1753
1567,706,1247,480,1883
1637,711,1239,482,1756
1685,1722,1238,888,1752
1704,1771,1639,1862,1611
1754,1572,1644,1259,1603
1846,1724,1356,323,1610
51,1725,1451,227,1616
59,1770,1794,346,1661
214,1775,1355,1097,1777
258,1776,1358,1607,979
269,1799,806,1100,648
361,1637,1663,583,1423
430,1788,140,207,1435
483,1675,1751,400,626
674,1847,70,1102,583
867,1713,285,973,533
868,512,861,1621,961
876,590,1381,247,1884
901,1327,329,627,263
909,1324,1442,720,1300
966,242,618,1201,51
1126,348,1315,1647,430
1131,1790,198,178,1282
1132,1602,202,1419,1077
1133,856,255,1528,1035
1138,1679,218,1564,1820
1144,1600,1049,1704,1040
1145,1764,341,734,1557
1146,1604,1619,1315,1462
1148,985,1626,1532,907
1149,1513,1627,1732,1140
1150,1584,1645,1155,255
1151,975,990,700,1032
1152,1612,316,1240,575
1153,77,879,1873,906
1154,128,1655,316,193
1155,569,1808,1846,1492
1157,878,1817,385,182
1158,1310,1648,1709,1577
1164,1527,466,406,1124
1168,1563,5,831,649
1169,1689,1635,664,997
1170,1574,396,797,1017
1171,1528,748,1187,621
1172,320,1240,1650,1094
1173,763,1459,1427,1827
1174,645,251,392,1826
1175,1360,1276,212,587
1176,1375,1448,415,714
1177,413,81,1440,278
1178,1698,930,1651,1049
1179,38,931,1150,725
1182,41,947,1198,282
1183,12,1562,434,814
1188,16,1688,1151,768
1189,17,1684,1402,872
1195,37,1435,1154,560
1196,91,422,1357,1453
1197,273,1565,257,1289
1198,139,1738,1867,802
1202,189,1739,644,277
1205,1559,801,1160,9
1223,1570,776,1443,853
1230,604,1524,1099,1203
1248,1305,1060,1392,1334
1253,1506,1077,43,1290
1257,989,416,715,302
1265,1473,1588,44,1578
1303,1610,1763,582,1491
1369,753,370,673,1059
1425,754,264,1118,950
1433,1181,812,1216,624
1456,1441,1059,84,1091
1733,1218,489,1382,1741
234,1445,501,177,1811
235,1311,1221,180,53
237,345,1220,816,93
244,425,1230,948,752
251,951,1019,1290,1073
255,954,118,90,713
290,1046,253,1205,1098
296,946,280,1089,477
332,958,272,265,637
333,75,1503,654,1690
340,414,1621,114,1291
423,567,1873,50,1011
475,1367,1820,154,688
477,673,1770,630,1084
487,791,91,1787,1812
488,1424,1424,533,1552
502,1303,1302,155,1165
514,1369,178,717,1294
515,1412,1741,763,1298
516,1,258,1744,755
517,24,269,1876,336
520,54,182,499,1553
521,563,26,1739,1287
526,200,993,575,269
532,307,1516,1858,693
542,337,238,1064,1869
543,373,479,1860,973
549,401,390,371,616
550,402,752,757,1718
562,449,913,1088,984
605,1357,957,295,1281
606,1607,831,1393,1047
651,1406,1187,1303,1591
677,1414,1592,113,955
679,57,1597,1800,81
682,1209,1249,1815,789
683,210,1262,1652,5
687,485,65,1755,279
691,541,377,1013,863
693,100,1857,1548,774
700,464,1872,396,653
718,125,871,834,724
805,714,308,135,1274
815,246,1281,741,413
968,252,1784,835,1130
990,614,426,1059,770
1147,72,1789,924,1464
1159,308,223,960,1305
1213,216,1007,450,858
1251,768,1180,1113,1244
1252,217,971,1576,1579
1255,1325,977,1161,577
1260,1411,1498,1726,953
1266,1428,1210,1452,1694
1272,1453,1700,1162,613
1308,1734,1438,534,1089
1325,1736,53,714,1259
1360,1739,305,204,754
1375,1743,168,29,1065
1388,1746,1660,570,442
1389,1750,1667,321,767
1391,1765,130,467,1735
1411,1733,1242,788,838
1412,1502,1282,1254,720
1428,978,325,78,1076
1430,1047,478,530,48
1440,1101,480,506,598
1453,415,482,1185,174
1600,1128,61,23,820
1622,1129,129,1140,1012
1,940,193,1498,1323
24,395,584,635,1078
43,396,595,27,821
44,875,512,861,1539
48,959,590,671,1821
49,996,1235,1778,757
50,52,1642,1541,790
52,1815,751,1457,1096
54,400,1368,1754,1413
211,1124,51,1634,1401
212,969,121,1534,14
213,186,379,1615,1814
225,1832,1292,670,1597
226,1875,1199,560,4
250,828,1762,650,889
256,850,474,1878,1881
257,92,256,727,1378
260,392,1653,1112,807
263,1302,263,509,983
264,1281,663,394,414
275,36,1200,510,146
276,192,1672,1675,73
277,1809,458,1603,604
278,70,430,1609,819
282,144,1387,1788,1280
283,1779,1396,710,818
338,1444,124,558,1654
348,1023,1659,895,1469
383,1280,1874,967,1554
408,1631,555,361,354
440,1712,689,593,601
442,1457,71,1174,663
459,1058,159,1533,940
468,1711,962,636,796
474,1737,420,908,738
499,1748,1787,1159,658
537,434,1876,1233,798
563,968,1229,592,346
570,276,1370,640,941
753,472,1584,1319,617
754,372,345,1353,1083
755,349,425,1572,1023
760,363,1124,1355,325
789,476,392,759,1243
837,143,1556,1358,753
841,157,576,1450,1798
847,712,207,1724,812
858,746,247,432,218
902,1139,284,1776,1824
911,1511,1690,86,1739
919,1795,1783,1799,1738
1013,911,1091,1126,1437
1675,948,1806,8,1498
13,388,22,120,1101
14,1554,88,1197,1767
19,1694,943,1202,1691
20,1784,1664,773,1394
21,952,857,1091,1825
31,748,1014,1310,1875
32,1656,1168,857,942
33,1754,1587,1737,911
34,1752,1633,1014,1494
47,1756,1482,542,919
503,104,1394,1527,67
508,426,1437,1325,1815
509,1859,1126,1411,536
510,1651,1473,1227,492
518,1416,1218,969,8
533,1063,415,1546,1677
553,935,1647,1092,102
557,1274,1833,803,24
558,1277,622,284,472
559,905,432,1628,380
561,1213,1227,1511,970
610,1430,1131,845,19
667,209,1132,810,751
684,201,1133,703,901
685,6,364,768,591
686,1789,367,1424,1207
699,1556,127,683,570
1783,1665,688,1110,1790
1861,285,974,841,810
62,443,1469,1459,1113
64,894,1182,1473,1688
74,1881,378,80,1110
200,861,1481,17,246
307,1307,1484,695,835
313,1225,1485,721,721
314,1235,1500,529,1013
315,1540,1526,684,1532
316,1831,1530,677,1788
317,576,1835,796,466
322,1647,1559,1406,290
324,207,1570,1526,813
326,223,337,1781,832
336,247,1532,515,245
337,1599,1171,1530,1562
351,1801,1094,876,1607
352,886,789,516,1726
353,1381,1028,964,1326
354,715,1008,1871,468
355,923,606,291,1652
356,936,1234,866,850
373,1487,1421,767,1560
382,1642,1376,1662,1189
389,1703,1135,16,670
401,329,1156,1213,744
402,1805,591,1881,295
416,1810,1089,1549,916
421,1024,1395,1595,982
427,1031,1401,1291,1633
439,1009,77,1599,1325
449,284,128,946,482
450,647,1610,1123,903
560,899,614,49,599
582,1241,979,1282,1072
796,628,300,537,964
975,1731,713,61,535
978,1666,1084,65,1829
1339,1690,814,610,499
1503,1646,203,1430,734
1517,1709,286,1503,645
1519,1800,122,1009,1090
1520,1843,1203,1381,1880
1522,181,928,129,330
1523,1214,1050,1210,960
1525,1870,683,377,309
1526,1617,1753,193,478
1530,1868,1528,517,262
1531,1669,1733,1857,1147
1537,1702,1737,118,1625
1538,1272,1756,1725,1184
1539,1867,1027,1052,1689
1543,1533,1003,1872,776
1554,1548,1079,324,94
1572,1291,573,1775,816
1575,343,191,738,85
1662,797,197,253,910
1694,1719,1219,12,1299
1724,1869,9,941,32
1725,1601,288,1536,274
1732,1564,1474,806,686
1770,1532,786,776,44
1775,1383,596,1746,963
1776,1486,602,856,43
1790,1634,797,237,1525
1799,1440,530,840,358
1815,324,1114,186,969
1824,1609,881,1631,841
1825,18,1000,519,57
1826,465,729,47,71
1827,800,1263,543,489
1857,1853,723,549,31
1858,1836,728,280,1746
1860,1343,1785,1673,1816
1867,1641,1682,119,1545
1872,1488,840,1195,1375
196,1855,1270,130,1185
400,1782,695,461,675
715,1545,973,1558,586
790,1595,361,1617,1202
1112,1854,1865,18,131
1113,801,1866,1196,13
1355,722,1744,665,692
1357,1793,116,1622,1063
1358,1092,1414,1283,1548
1373,1851,125,951,922
1405,585,1809,954,1188
1427,609,1023,1226,1765
1533,43,712,935,808
1548,44,1719,455,1371
1549,50,1657,1394,1445
1553,257,1541,770,107
1602,499,880,1770,1744
1607,1398,769,239,1810
1715,171,762,456,420
1862,39,1334,1437,1060
1863,1833,74,1663,664
1864,530,287,1883,45
1865,1514,587,940,167
1866,1240,553,1698,1052
53,1650,561,1003,1838
261,1652,965,681,1842
409,1783,830,124,1700
511,1657,598,771,584
695,1007,599,1079,1630
701,1110,233,708,1541
702,1026,1294,1700,1551
703,1336,1298,887,685
704,1346,1256,236,1679
705,1017,960,59,715
706,1141,635,1114,652
707,1569,1863,437,1404
708,1792,1864,1365,1350
710,1535,1269,674,1402
711,1555,711,1395,33
831,1561,1444,462,946
869,1671,1009,1398,1879
1187,1704,1843,1401,716
1415,1816,1545,989,849
1418,1279,1092,1416,1477
1426,627,741,38,1374
1436,1632,1452,41,119
1443,1442,534,1656,308
1631,1035,1185,465,672
1814,1216,738,786,1840
1870,1382,944,300,1720
1881,622,1208,1679,1151
714,69,743,944,1692
1286,644,1146,871,1693
1674,1088,1551,1524,114
1851,979,146,1208,1714
193,1027,277,1733,1559
279,624,1351,1806,1029
786,1032,222,713,1666
1267,1048,1108,22,1568
1364,630,525,1377,503
1377,1029,735,1865,36
1398,1030,1316,1718,1472
1402,1212,1105,1866,597
1403,1217,803,1492,34
1406,1228,845,338,148
1407,1429,1198,584,59
1413,908,1283,272,82
1414,547,1140,140,62
1444,638,1499,585,293
1302,657,1515,1863,1085
1534,736,650,1864,1270
1546,838,727,1870,1088
1559,716,1419,248,603
1570,1001,1821,595,46
1628,1067,924,936,189
1784,1180,604,1741,15
56,730,1412,952,602
61,741,307,556,596
63,764,276,807,1457
78,971,1277,1666,1136
84,977,628,932,1797
129,1452,800,1854,233
1259,350,1110,1657,79
1289,534,239,923,1392
1291,535,658,1163,1699
406,632,229,915,595
566,853,213,881,600
617,1185,260,666,831
1023,380,356,1109,1245
1076,1186,1078,1868,1662
1078,1620,1083,1438,1760
1083,178,262,875,20
1084,618,245,818,21
1085,665,619,819,1569
1393,1123,799,880,1302
1394,1226,109,250,38
1395,1250,205,337,41
1401,1541,184,76,376
1437,771,194,83,1595
1613,1315,386,609,356
1663,1323,170,962,438
1782,1673,183,709,864
1839,1730,102,625,1734
57,505,794,1477,619
65,529,884,996,1107
76,540,822,1000,498
77,577,1326,827,1075
83,737,509,296,985
128,1446,510,6,1150
343,1501,734,899,1104
377,1518,1197,1412,1103
770,1536,1202,279,299
871,1643,593,1752,1007
1235,1676,636,842,1542
1269,148,640,843,794
1285,172,592,1302,1878
1540,236,759,181,786
1545,1264,371,792,703
1595,306,187,573,1615
1854,1498,964,258,40
584,432,706,269,160
595,1099,1612,751,1631
596,1109,210,39,69
602,1118,948,211,473
603,1121,627,955,1857
681,1580,644,596,1872
798,1593,630,647,1474
1617,692,1718,602,1873
1666,738,932,829,800
1813,1064,995,729,405
507,1091,559,1559,1209
628,1227,810,1570,1514
1609,1244,450,711,512
1611,1477,1184,1090,590
1690,1640,1586,1194,273
1804,239,1598,1368,37
1868,601,403,251,1352
295,615,1299,707,1647
625,955,807,1447,393
1059,1040,76,690,871
1060,1051,83,1784,1213
1077,1053,978,77,1308
1215,1056,899,51,1388
1278,1492,171,91,412
1283,1560,529,846,173
1679,1636,1492,672,1783
803,1714,248,128,1412
827,1718,915,882,1335
829,1755,882,1269,1348
832,1772,289,307,705
842,248,1138,769,1862
843,424,1179,1861,1499
845,846,682,123,1865
1098,893,99,760,1048
1141,915,1377,824,1102
1163,927,671,1407,1097
1365,932,1161,149,669
556,937,1162,276,630
666,944,895,762,791
709,1003,989,743,1476
813,1079,1457,781,271
1124,1114,1599,1783,1819
1274,1208,1634,658,1743
1585,1210,332,927,1866
1603,1420,583,823,49
1610,1447,1070,89,47
182,1459,1490,1229,1463
262,1507,1497,706,154
280,1747,975,820,1750
309,300,1746,747,1749
321,311,1216,821,799
467,394,1382,1630,1058
504,445,690,975,1621
721,572,234,722,785
806,672,235,685,981
814,690,1222,131,1736
818,713,49,686,1761
819,773,47,289,980
820,776,1273,1797,1546
821,778,670,563,394
828,781,1816,94,643
866,823,1088,190,481
969,824,1536,1131,1510
984,880,672,1414,684
1052,881,824,70,607
1194,882,1630,1132,704
1209,1018,1797,1281,1118
1276,1211,1813,1133,135
1277,1630,1119,1243,1863
1448,1700,80,1610,1864
1576,1720,455,1235,644
119,1726,456,1753,1834
180,1797,833,504,1684
181,1806,1475,1124,335
203,22,506,165,1706
245,1000,563,56,1646
265,1142,669,152,804
286,289,1814,63,1728
287,291,586,859,1882
344,299,675,82,1112
472,304,721,229,576
619,519,1365,1171,10
799,573,818,1287,846
807,658,819,507,1751
810,669,1090,978,1489
962,729,1353,1334,1628
1280,739,1450,126,1844
1281,743,93,309,1686
1547,757,946,103,908
1698,769,1832,995,1874
1788,788,828,984,1556
8,1524,935,669,395
15,227,781,261,1870
27,762,823,454,1717
89,767,101,1023,1871
90,816,111,1444,1781
96,995,732,778,1284
107,1438,1879,1690,1322
109,1558,1880,1839,894
114,1741,652,1018,169
115,229,37,79,1006
140,405,273,1285,1876
174,412,472,116,1787
176,437,1851,176,555
191,461,1583,1602,689
195,462,1589,195,1490
197,551,703,968,1349
198,720,1476,1146,760
199,751,1489,1821,627
202,888,1781,199,1391
205,916,1871,299,2
272,1097,143,161,1389
747,1100,1511,163,12
856,1102,798,1879,483
1090,1201,1585,173,1020
1233,1334,749,1880,1660
1243,1368,542,188,424
1282,51,123,304,1121
1319,59,149,110,1858
1752,258,174,93,1860
1753,269,1280,1613,1727
1756,674,898,108,181
1883,909,507,153,1782
12,1131,1710,15,1722
16,1132,1363,156,1261
17,1133,144,402,739
18,1138,372,187,999
37,1146,905,1142,1809
38,1150,1447,449,91
41,1151,1534,1286,748
88,1154,655,614,138
91,1155,575,604,1109
97,1171,1163,112,467
98,1175,94,175,1486
105,1176,152,174,1217
108,1179,834,1278,104
118,1189,835,1138,1502
121,1205,190,1756,1100
122,234,504,783,1201
124,235,206,206,1019
165,237,211,457,1468
171,251,192,151,1708
184,296,349,53,1748
194,340,363,160,1770
204,677,1540,169,17
206,682,1123,1179,661
210,700,1673,801,1774
253,1147,340,1545,1747
273,1159,352,628,1855
457,1622,150,481,837
465,212,654,1277,1431
485,213,717,1272,1533
604,250,131,1245,11
768,260,859,1612,16
792,338,165,210,1775
800,537,279,234,186
840,760,457,235,1609
900,841,85,105,1868
1229,1013,293,213,608
1287,558,1861,85,1572
1290,559,1285,1060,1724
1320,610,497,1077,524
26,684,133,260,1319
39,685,1602,37,673
79,686,878,682,1776
81,62,541,125,1799
82,74,464,136,208
93,352,476,74,893
117,356,1651,137,1725
166,560,1274,405,1387
175,582,343,412,1396
190,796,722,273,1026
323,1662,236,828,1228
372,1112,909,1547,1267
379,1113,1176,293,112
386,1549,62,909,992
749,53,617,1276,1649
783,707,1076,57,247
795,708,1085,1448,223
1551,1814,603,447,1839
1816,1407,115,138,847
23,617,795,182,1500
29,1076,35,1851,1481
35,1078,132,551,1484
70,1083,167,198,1641
80,1084,376,1176,1564
123,1085,740,202,861
138,770,1134,472,387
144,603,950,916,1370
149,681,1194,712,1139
150,798,876,1540,1439
151,1813,653,340,437
160,625,846,1363,1695
161,1060,299,1280,1843
163,1077,1195,133,1648
169,1215,1613,356,237
170,1098,1777,559,352
173,556,908,661,1837
179,666,1147,497,334
183,709,1160,800,285
185,1585,827,1084,1851
186,182,984,1175,1632
188,262,1098,878,1624
192,309,515,1189,545
292,814,516,1274,1800
349,1276,177,343,137
363,1448,485,1209,1709
364,203,968,81,178
367,245,1477,1147,207
476,286,934,485,156
481,287,936,144,445
541,344,1018,171,633
586,619,360,372,998
614,799,942,541,1653
661,8,261,26,1233
664,15,100,192,1001
675,89,585,1782,153
859,109,866,779,136
864,115,842,814,506
878,176,843,121,747
1612,191,1196,349,797
1656,195,1839,363,1336
6,197,105,1078,1854
85,198,887,203,1071
86,199,402,1083,1458
94,202,449,143,1835
99,205,875,464,657
100,747,955,286,1701
101,88,927,100,1386
102,97,1189,88,396
103,98,533,352,324
110,108,1174,476,462
111,121,57,62,29
112,122,157,379,1037
113,184,923,1816,1036
116,194,1782,191,1283
120,1287,1109,1814,18
126,26,778,197,23
127,79,304,287,1704
130,81,1175,905,39
131,82,344,1141,1859
132,117,97,122,1407
133,166,98,262,1793
134,175,117,245,426
135,379,166,157,1771
136,386,292,619,201
137,749,517,1813,58
141,783,1392,799,1638
142,795,996,364,1669
143,1551,647,367,1707
145,35,792,109,465
146,138,346,798,27
152,150,940,205,1422
153,151,952,127,923
154,160,771,617,1382
155,161,1329,1076,1792
156,163,1141,746,1877
157,169,1215,1085,1216
167,170,1052,184,1214
187,173,665,194,1575
293,183,405,1585,1678
328,188,412,1551,3
376,292,941,603,1847
385,364,1778,386,1225
446,367,1310,1098,1383
447,481,1527,170,1315
453,586,1226,183,1853
454,661,1278,1263,25
455,675,1254,146,1683
456,99,1272,1215,1601
464,101,1073,587,1836
484,102,829,102,139
497,103,820,115,1617
564,110,821,99,209
779,111,967,344,856
794,112,1209,749,1563
801,126,746,794,1406
905,127,1142,586,92
1245,132,543,675,1441
1263,136,549,150,1343
1615,137,56,101,1651
1821,146,63,111,1789
1878,153,1286,97,1665
1879,156,1416,98,1731
1880,167,609,795,1719
125,376,1547,35,1831
587,447,916,117,1398
712,454,551,166,1235
746,794,1243,132,1488
857,1245,779,292,1180
1014,1263,951,167,1540
1363,587,954,376,1779