TRT2000,FIRST_FIPS,FIRST_STFI,FIRST_TRAC,Xcord,Ycord
010100,06075,06075010100,101,-122.41151,37.80721
010200,06075,06075010200,102,-122.42150,37.80415
010300,06075,06075010300,103,-122.41557,37.80179
010400,06075,06075010400,104,-122.40740,37.80238
010500,06075,06075010500,105,-122.39835,37.79902
010600,06075,06075010600,106,-122.40630,37.79951
010700,06075,06075010700,107,-122.40985,37.79861
010800,06075,06075010800,108,-122.41419,37.79660
010900,06075,06075010900,109,-122.42043,37.79817
011000,06075,06075011000,110,-122.41967,37.79449
011100,06075,06075011100,111,-122.41892,37.79087
011200,06075,06075011200,112,-122.41269,37.79300
011300,06075,06075011300,113,-122.40924,37.79471
011400,06075,06075011400,114,-122.40650,37.79562
011500,06075,06075011500,115,-122.40264,37.79565
011700,06075,06075011700,117,-122.40340,37.79045
011800,06075,06075011800,118,-122.40604,37.79337
011900,06075,06075011900,119,-122.41133,37.79085
012000,06075,06075012000,120,-122.41841,37.78810
012100,06075,06075012100,121,-122.41178,37.78893
012200,06075,06075012200,122,-122.41790,37.78574
012300,06075,06075012300,123,-122.41133,37.78656
012400,06075,06075012400,124,-122.41723,37.78077
012500,06075,06075012500,125,-122.41140,37.78331
012600,06075,06075012600,126,-122.43451,37.80506
012700,06075,06075012700,127,-122.44517,37.80314
012800,06075,06075012800,128,-122.44170,37.79782
012900,06075,06075012900,129,-122.43030,37.80115
013000,06075,06075013000,130,-122.43034,37.79727
013100,06075,06075013100,131,-122.42612,37.79317
013200,06075,06075013200,132,-122.43870,37.79369
013300,06075,06075013300,133,-122.45247,37.78876
013400,06075,06075013400,134,-122.44074,37.78989
013500,06075,06075013500,135,-122.43243,37.79097
015100,06075,06075015100,151,-122.42330,37.78755
015200,06075,06075015200,152,-122.43019,37.78801
015300,06075,06075015300,153,-122.43920,37.78681
015400,06075,06075015400,154,-122.45102,37.78433
015500,06075,06075015500,155,-122.43380,37.78510
015600,06075,06075015600,156,-122.45626,37.77815
015700,06075,06075015700,157,-122.44776,37.77890
015800,06075,06075015800,158,-122.43754,37.78021
015900,06075,06075015900,159,-122.42922,37.78326
016000,06075,06075016000,160,-122.42241,37.78244
016100,06075,06075016100,161,-122.42852,37.77995
016200,06075,06075016200,162,-122.42275,37.77718
016300,06075,06075016300,163,-122.42941,37.77600
016400,06075,06075016400,164,-122.43676,37.77509
016500,06075,06075016500,165,-122.44754,37.77415
016600,06075,06075016600,166,-122.44726,37.77037
016700,06075,06075016700,167,-122.43757,37.77034
016800,06075,06075016800,168,-122.42685,37.77241
016900,06075,06075016900,169,-122.43223,37.76709
017000,06075,06075017000,170,-122.43937,37.76488
017100,06075,06075017100,171,-122.44811,37.76546
017601,06075,06075017601,176.01,-122.41056,37.77945
017602,06075,06075017602,176.02,-122.39831,37.78912
017700,06075,06075017700,177,-122.41236,37.76801
017800,06075,06075017800,178,-122.40641,37.77783
017901,06075,06075017901,179.01,-122.39200,37.78587
017902,06075,06075017902,179.02,-122.36947,37.81926
018000,06075,06075018000,180,-122.40223,37.77537
020100,06075,06075020100,201,-122.41994,37.76863
020200,06075,06075020200,202,-122.42408,37.76712
020300,06075,06075020300,203,-122.42925,37.76486
020400,06075,06075020400,204,-122.44385,37.75501
020500,06075,06075020500,205,-122.43689,37.75909
020600,06075,06075020600,206,-122.43023,37.75954
020700,06075,06075020700,207,-122.42358,37.75918
020800,06075,06075020800,208,-122.41924,37.75948
020900,06075,06075020900,209,-122.41852,37.75180
021000,06075,06075021000,210,-122.42285,37.75158
021100,06075,06075021100,211,-122.42969,37.75393
021200,06075,06075021200,212,-122.43795,37.75308
021300,06075,06075021300,213,-122.43812,37.74922
021400,06075,06075021400,214,-122.42918,37.74952
021500,06075,06075021500,215,-122.42657,37.74498
021600,06075,06075021600,216,-122.43768,37.74539
021700,06075,06075021700,217,-122.43907,37.74011
021800,06075,06075021800,218,-122.42880,37.73784
022600,06075,06075022600,226,-122.38745,37.75956
022701,06075,06075022701,227.01,-122.40202,37.76031
022702,06075,06075022702,227.02,-122.39577,37.76258
022703,06075,06075022703,227.03,-122.39712,37.75515
022801,06075,06075022801,228.01,-122.41253,37.76076
022802,06075,06075022802,228.02,-122.40625,37.75892
022803,06075,06075022803,228.03,-122.41217,37.75584
022901,06075,06075022901,229.01,-122.41400,37.75119
022902,06075,06075022902,229.02,-122.41044,37.75129
022903,06075,06075022903,229.03,-122.40629,37.75172
023001,06075,06075023001,230.01,-122.40171,37.73520
023002,06075,06075023002,230.02,-122.39217,37.73636
023003,06075,06075023003,230.03,-122.39585,37.73261
023101,06075,06075023101,231.01,-122.38843,37.73754
023102,06075,06075023102,231.02,-122.38458,37.73449
023103,06075,06075023103,231.03,-122.37712,37.73442
023200,06075,06075023200,232,-122.38636,37.72782
023300,06075,06075023300,233,-122.39776,37.72530
023400,06075,06075023400,234,-122.39032,37.72158
025100,06075,06075025100,251,-122.40763,37.74387
025200,06075,06075025200,252,-122.41428,37.74372
025300,06075,06075025300,253,-122.42012,37.74380
025401,06075,06075025401,254.01,-122.42066,37.73762
025402,06075,06075025402,254.02,-122.41289,37.73650
025403,06075,06075025403,254.03,-122.42105,37.73364
025500,06075,06075025500,255,-122.43669,37.72808
025600,06075,06075025600,256,-122.42229,37.72853
025700,06075,06075025700,257,-122.40907,37.72989
025800,06075,06075025800,258,-122.40201,37.72151
025900,06075,06075025900,259,-122.41091,37.72331
026001,06075,06075026001,260.01,-122.43217,37.72340
026002,06075,06075026002,260.02,-122.42628,37.72598
026003,06075,06075026003,260.03,-122.42878,37.71949
026004,06075,06075026004,260.04,-122.43555,37.71772
026100,06075,06075026100,261,-122.44279,37.71941
026200,06075,06075026200,262,-122.45362,37.71116
026301,06075,06075026301,263.01,-122.43947,37.71368
026302,06075,06075026302,263.02,-122.43083,37.71155
026303,06075,06075026303,263.03,-122.44323,37.70958
026401,06075,06075026401,264.01,-122.41120,37.71333
026402,06075,06075026402,264.02,-122.40343,37.71636
026403,06075,06075026403,264.03,-122.40684,37.71109
026404,06075,06075026404,264.04,-122.41535,37.70962
030101,06075,06075030101,301.01,-122.45972,37.76409
030102,06075,06075030102,301.02,-122.45681,37.75821
030201,06075,06075030201,302.01,-122.47372,37.76268
030202,06075,06075030202,302.02,-122.46720,37.76295
030301,06075,06075030301,303.01,-122.46917,37.75682
030302,06075,06075030302,303.02,-122.47157,37.75184
030400,06075,06075030400,304,-122.46744,37.74683
030500,06075,06075030500,305,-122.45243,37.75161
030600,06075,06075030600,306,-122.45703,37.74359
030700,06075,06075030700,307,-122.45009,37.73732
030800,06075,06075030800,308,-122.46762,37.73903
030900,06075,06075030900,309,-122.46806,37.72812
031000,06075,06075031000,310,-122.45703,37.72842
031100,06075,06075031100,311,-122.44621,37.72919
031200,06075,06075031200,312,-122.45499,37.72068
031300,06075,06075031300,313,-122.46712,37.71568
031400,06075,06075031400,314,-122.45684,37.71456
032600,06075,06075032600,326,-122.48176,37.76039
032700,06075,06075032700,327,-122.49114,37.76001
032800,06075,06075032800,328,-122.48087,37.74920
032900,06075,06075032900,329,-122.49029,37.74880
033000,06075,06075033000,330,-122.48446,37.73832
033100,06075,06075033100,331,-122.48679,37.73202
033201,06075,06075033201,332.01,-122.47937,37.72608
033202,06075,06075033202,332.02,-122.47884,37.71739
035100,06075,06075035100,351,-122.49909,37.75748
035201,06075,06075035201,352.01,-122.50687,37.75465
035202,06075,06075035202,352.02,-122.50605,37.76122
035300,06075,06075035300,353,-122.49764,37.74234
035400,06075,06075035400,354,-122.50484,37.74222
040100,06075,06075040100,401,-122.46172,37.78516
040200,06075,06075040200,402,-122.46834,37.78435
042600,06075,06075042600,426,-122.47809,37.78319
042700,06075,06075042700,427,-122.48809,37.78221
042800,06075,06075042800,428,-122.48662,37.78677
045100,06075,06075045100,451,-122.46118,37.77750
045200,06075,06075045200,452,-122.46787,37.77704
047600,06075,06075047600,476,-122.47544,37.77669
047701,06075,06075047701,477.01,-122.48403,37.77816
047702,06075,06075047702,477.02,-122.48374,37.77441
047800,06075,06075047800,478,-122.49387,37.77641
047901,06075,06075047901,479.01,-122.50726,37.77596
047902,06075,06075047902,479.02,-122.50391,37.77911
060100,06075,06075060100,601,-122.46641,37.79760
060200,06075,06075060200,602,-122.50143,37.78457
060300,06075,06075060300,603,-122.48127,37.76896
060400,06075,06075060400,604,-122.52949,37.71830
060501,06075,06075060501,605.01,-122.41881,37.71779
060502,06075,06075060502,605.02,-122.41991,37.71099
060600,06075,06075060600,606,-122.36699,37.72513
060700,06075,06075060700,607,-122.39306,37.77214
060900,06075,06075060900,609,-122.39089,37.74507
061000,06075,06075061000,610,-122.39013,37.71340
101100,06041,06041101100,1011,-122.54080,38.13369
101200,06041,06041101200,1012,-122.54394,38.10093
102100,06041,06041102100,1021,-122.59117,38.13148
102201,06041,06041102201,1022.01,-122.58206,38.11374
103100,06041,06041103100,1031,-122.64617,38.11556
103200,06041,06041103200,1032,-122.58605,38.09833
104101,06041,06041104101,1041.01,-122.56405,38.07929
104102,06041,06041104102,1041.02,-122.55955,38.08852
104200,06041,06041104200,1042,-122.56941,38.06125
104300,06041,06041104300,1043,-122.50958,38.07787
105000,06041,06041105000,1050,-122.51553,38.05767
106001,06041,06041106001,1060.01,-122.51907,38.02900
106002,06041,06041106002,1060.02,-122.50642,38.00497
107000,06041,06041107000,1070,-122.58339,38.03844
108100,06041,06041108100,1081,-122.56315,38.01853
108200,06041,06041108200,1082,-122.54795,37.99957
109000,06041,06041109000,1090,-122.54033,37.98283
110100,06041,06041110100,1101,-122.50898,37.98255
110200,06041,06041110200,1102,-122.47568,37.98660
111000,06041,06041111000,1110,-122.53691,37.97022
112100,06041,06041112100,1121,-122.52092,37.96086
112200,06041,06041112200,1122,-122.49907,37.95742
113000,06041,06041113000,1130,-122.66633,38.01389
114100,06041,06041114100,1141,-122.59411,37.97604
114200,06041,06041114200,1142,-122.59965,38.00321
115000,06041,06041115000,1150,-122.58293,38.00579
116000,06041,06041116000,1160,-122.57592,37.97955
117000,06041,06041117000,1170,-122.56393,37.97466
118100,06041,06041118100,1181,-122.56175,37.96348
118200,06041,06041118200,1182,-122.63817,37.96327
119100,06041,06041119100,1191,-122.55334,37.94723
119200,06041,06041119200,1192,-122.52600,37.94935
120000,06041,06041120000,1200,-122.53789,37.93567
121100,06041,06041121100,1211,-122.52298,37.92411
121200,06041,06041121200,1212,-122.50373,37.93037
122000,06041,06041122000,1220,-122.49018,37.93997
123000,06041,06041123000,1230,-122.46599,37.87303
124100,06041,06041124100,1241,-122.49241,37.90619
124200,06041,06041124200,1242,-122.45331,37.88040
125000,06041,06041125000,1250,-122.50780,37.89103
126100,06041,06041126100,1261,-122.54050,37.91202
126200,06041,06041126200,1262,-122.52226,37.90206
127000,06041,06041127000,1270,-122.55842,37.91040
128100,06041,06041128100,1281,-122.53196,37.87176
128200,06041,06041128200,1282,-122.54624,37.89344
129000,06041,06041129000,1290,-122.51295,37.86919
130200,06041,06041130200,1302,-122.49246,37.85895
131000,06041,06041131000,1310,-122.55641,37.87114
132100,06041,06041132100,1321,-122.68071,37.92260
132200,06041,06041132200,1322,-122.84942,38.05079
133000,06041,06041133000,1330,-122.79100,38.17117
150100,06097,06097150100,1501,-122.43061,38.21619
150201,06097,06097150201,1502.01,-122.45797,38.28097
150202,06097,06097150202,1502.02,-122.43937,38.31880
150302,06097,06097150302,1503.02,-122.47410,38.33614
150303,06097,06097150303,1503.03,-122.52347,38.30009
150304,06097,06097150304,1503.04,-122.49029,38.30669
150500,06097,06097150500,1505,-122.53067,38.38550
150601,06097,06097150601,1506.01,-122.61322,38.23764
150602,06097,06097150602,1506.02,-122.60687,38.24405
150603,06097,06097150603,1506.03,-122.61728,38.25482
150605,06097,06097150605,1506.05,-122.64336,38.27303
150606,06097,06097150606,1506.06,-122.54667,38.21853
150701,06097,06097150701,1507.01,-122.62959,38.23350
150702,06097,06097150702,1507.02,-122.62577,38.20112
150800,06097,06097150800,1508,-122.66472,38.20886
150901,06097,06097150901,1509.01,-122.64264,38.24754
150902,06097,06097150902,1509.02,-122.65323,38.24440
151000,06097,06097151000,1510,-122.67989,38.25769
151100,06097,06097151100,1511,-122.75278,38.26445
151201,06097,06097151201,1512.01,-122.70307,38.31731
151203,06097,06097151203,1512.03,-122.69340,38.32221
151204,06097,06097151204,1512.04,-122.70719,38.31838
151301,06097,06097151301,1513.01,-122.70025,38.33414
151305,06097,06097151305,1513.05,-122.70665,38.34341
151306,06097,06097151306,1513.06,-122.69324,38.34717
151307,06097,06097151307,1513.07,-122.69942,38.37035
151308,06097,06097151308,1513.08,-122.69982,38.35621
151309,06097,06097151309,1513.09,-122.63404,38.34412
151310,06097,06097151310,1513.10,-122.68252,38.33930
151311,06097,06097151311,1513.11,-122.67677,38.32594
151401,06097,06097151401,1514.01,-122.68763,38.40834
151402,06097,06097151402,1514.02,-122.70546,38.39769
151502,06097,06097151502,1515.02,-122.65475,38.38963
151503,06097,06097151503,1515.03,-122.62854,38.41235
151504,06097,06097151504,1515.04,-122.66754,38.43600
151600,06097,06097151600,1516,-122.57540,38.44687
151700,06097,06097151700,1517,-122.66532,38.45100
151800,06097,06097151800,1518,-122.69138,38.44269
151900,06097,06097151900,1519,-122.70822,38.43505
152000,06097,06097152000,1520,-122.71310,38.44153
152100,06097,06097152100,1521,-122.72268,38.45916
152201,06097,06097152201,1522.01,-122.71278,38.45689
152202,06097,06097152202,1522.02,-122.67519,38.46696
152203,06097,06097152203,1522.03,-122.70698,38.44822
152300,06097,06097152300,1523,-122.69910,38.46002
152400,06097,06097152400,1524,-122.70719,38.48573
152501,06097,06097152501,1525.01,-122.65669,38.46541
152502,06097,06097152502,1525.02,-122.66395,38.47833
152600,06097,06097152600,1526,-122.63903,38.52242
152701,06097,06097152701,1527.01,-122.74680,38.52873
152702,06097,06097152702,1527.02,-122.79125,38.50427
152801,06097,06097152801,1528.01,-122.75026,38.48279
152802,06097,06097152802,1528.02,-122.73557,38.46504
152901,06097,06097152901,1529.01,-122.79792,38.47184
152903,06097,06097152903,1529.03,-122.74837,38.45733
152904,06097,06097152904,1529.04,-122.76053,38.46121
153001,06097,06097153001,1530.01,-122.73658,38.45083
153002,06097,06097153002,1530.02,-122.73264,38.44102
153003,06097,06097153003,1530.03,-122.73776,38.43392
153005,06097,06097153005,1530.05,-122.80099,38.43352
153006,06097,06097153006,1530.06,-122.75821,38.44328
153101,06097,06097153101,1531.01,-122.73054,38.42440
153102,06097,06097153102,1531.02,-122.72147,38.42003
153200,06097,06097153200,1532,-122.72812,38.38801
153300,06097,06097153300,1533,-122.76706,38.39543
153401,06097,06097153401,1534.01,-122.84227,38.41306
153403,06097,06097153403,1534.03,-122.79970,38.38050
153404,06097,06097153404,1534.04,-122.82712,38.38198
153501,06097,06097153501,1535.01,-122.79443,38.33736
153502,06097,06097153502,1535.02,-122.87379,38.34242
153600,06097,06097153600,1536,-122.88818,38.42065
153703,06097,06097153703,1537.03,-123.00886,38.47408
153704,06097,06097153704,1537.04,-123.00622,38.53102
153705,06097,06097153705,1537.05,-122.90760,38.51065
153706,06097,06097153706,1537.06,-122.90477,38.47097
153801,06097,06097153801,1538.01,-122.84332,38.52898
153802,06097,06097153802,1538.02,-122.73977,38.57789
153803,06097,06097153803,1538.03,-122.79279,38.53723
153901,06097,06097153901,1539.01,-122.82205,38.61285
153902,06097,06097153902,1539.02,-122.86735,38.61267
153903,06097,06097153903,1539.03,-122.85695,38.61908
154000,06097,06097154000,1540,-122.95668,38.61604
154100,06097,06097154100,1541,-122.82230,38.72995
154200,06097,06097154200,1542,-123.08866,38.78423
154301,06097,06097154301,1543.01,-123.21893,38.63229
154302,06097,06097154302,1543.02,-122.98200,38.36588
200201,06055,06055200201,2002.01,-122.29793,38.29171
200202,06055,06055200202,2002.02,-122.28847,38.29513
200203,06055,06055200203,2002.03,-122.28945,38.28645
200300,06055,06055200300,2003,-122.26926,38.28809
200400,06055,06055200400,2004,-122.26757,38.31008
200501,06055,06055200501,2005.01,-122.30127,38.31097
200502,06055,06055200502,2005.02,-122.28896,38.31649
200503,06055,06055200503,2005.03,-122.28694,38.30480
200600,06055,06055200600,2006,-122.30579,38.33367
200701,06055,06055200701,2007.01,-122.31327,38.31050
200702,06055,06055200702,2007.02,-122.32602,38.32714
200703,06055,06055200703,2007.03,-122.32961,38.30942
200801,06055,06055200801,2008.01,-122.32366,38.29444
200802,06055,06055200802,2008.02,-122.30105,38.26175
200900,06055,06055200900,2009,-122.27241,38.27071
201001,06055,06055201001,2010.01,-122.27945,38.20002
201002,06055,06055201002,2010.02,-122.23029,38.22752
201100,06055,06055201100,2011,-122.36835,38.28201
201200,06055,06055201200,2012,-122.35877,38.38159
201300,06055,06055201300,2013,-122.36656,38.39532
201400,06055,06055201400,2014,-122.21985,38.39862
201500,06055,06055201500,2015,-122.46032,38.47214
201600,06055,06055201600,2016,-122.46658,38.50393
201700,06055,06055201700,2017,-122.42275,38.55465
201800,06055,06055201800,2018,-122.28822,38.64171
201900,06055,06055201900,2019,-122.55144,38.62647
202000,06055,06055202000,2020,-122.58240,38.58163
250101,06095,06095250101,2501.01,-122.21671,38.11543
250102,06095,06095250102,2501.02,-122.19266,38.13267
250200,06095,06095250200,2502,-122.20999,38.10429
250300,06095,06095250300,2503,-122.22355,38.10472
250400,06095,06095250400,2504,-122.22371,38.09480
250501,06095,06095250501,2505.01,-122.21363,38.09327
250502,06095,06095250502,2505.02,-122.20202,38.09087
250601,06095,06095250601,2506.01,-122.22458,38.08232
250603,06095,06095250603,2506.03,-122.20878,38.07354
250701,06095,06095250701,2507.01,-122.24277,38.08998
250702,06095,06095250702,2507.02,-122.23712,38.07669
250800,06095,06095250800,2508,-122.31069,38.12549
250900,06095,06095250900,2509,-122.25870,38.10170
251000,06095,06095251000,2510,-122.24858,38.10113
251100,06095,06095251100,2511,-122.23623,38.09700
251200,06095,06095251200,2512,-122.23640,38.10520
251300,06095,06095251300,2513,-122.23574,38.11445
251400,06095,06095251400,2514,-122.23896,38.12392
251500,06095,06095251500,2515,-122.24962,38.11143
251600,06095,06095251600,2516,-122.26095,38.10868
251701,06095,06095251701,2517.01,-122.26457,38.11594
251702,06095,06095251702,2517.02,-122.26871,38.12215
251802,06095,06095251802,2518.02,-122.25650,38.12819
251803,06095,06095251803,2518.03,-122.26628,38.13865
251804,06095,06095251804,2518.04,-122.27723,38.14974
251901,06095,06095251901,2519.01,-122.23728,38.13581
251902,06095,06095251902,2519.02,-122.24423,38.14808
251903,06095,06095251903,2519.03,-122.22638,38.14859
252000,06095,06095252000,2520,-122.17312,38.05985
252102,06095,06095252102,2521.02,-122.11734,38.10004
252103,06095,06095252103,2521.03,-122.19444,38.10479
252104,06095,06095252104,2521.04,-122.16671,38.09294
252105,06095,06095252105,2521.05,-122.18023,38.08038
252106,06095,06095252106,2521.06,-122.16569,38.07602
252107,06095,06095252107,2521.07,-122.15403,38.06895
252108,06095,06095252108,2521.08,-122.16394,38.06077
252201,06095,06095252201,2522.01,-122.16614,38.25384
252202,06095,06095252202,2522.02,-122.14491,38.16479
252305,06095,06095252305,2523.05,-122.09957,38.21851
252306,06095,06095252306,2523.06,-122.06469,38.26544
252307,06095,06095252307,2523.07,-122.07837,38.29606
252308,06095,06095252308,2523.08,-122.02661,38.29895
252309,06095,06095252309,2523.09,-121.97318,38.29285
252401,06095,06095252401,2524.01,-122.05823,38.25344
252402,06095,06095252402,2524.02,-122.06758,38.22505
252501,06095,06095252501,2525.01,-122.04152,38.25441
252502,06095,06095252502,2525.02,-122.04478,38.24702
252604,06095,06095252604,2526.04,-122.05130,38.26421
252605,06095,06095252605,2526.05,-122.03958,38.26545
252606,06095,06095252606,2526.06,-122.02950,38.26543
252607,06095,06095252607,2526.07,-122.02976,38.25425
252608,06095,06095252608,2526.08,-122.02148,38.26629
252609,06095,06095252609,2526.09,-122.00995,38.26706
252702,06095,06095252702,2527.02,-121.97925,38.15824
252703,06095,06095252703,2527.03,-122.02710,38.24851
252704,06095,06095252704,2527.04,-122.01304,38.24885
252705,06095,06095252705,2527.05,-121.99742,38.24793
252706,06095,06095252706,2527.06,-121.98011,38.25655
252707,06095,06095252707,2527.07,-122.00030,38.26030
252800,06095,06095252800,2528,-121.94241,38.26425
252902,06095,06095252902,2529.02,-121.94546,38.36561
252903,06095,06095252903,2529.03,-122.03245,38.43854
252904,06095,06095252904,2529.04,-121.93245,38.40343
252907,06095,06095252907,2529.07,-121.93363,38.32276
252908,06095,06095252908,2529.08,-121.95679,38.34246
252909,06095,06095252909,2529.09,-121.92285,38.34445
252910,06095,06095252910,2529.10,-121.94401,38.34013
253000,06095,06095253000,2530,-121.98119,38.32435
253101,06095,06095253101,2531.01,-122.00632,38.35049
253105,06095,06095253105,2531.05,-121.96698,38.35401
253106,06095,06095253106,2531.06,-121.96597,38.34178
253107,06095,06095253107,2531.07,-121.97901,38.34229
253108,06095,06095253108,2531.08,-122.00114,38.32986
253201,06095,06095253201,2532.01,-122.01143,38.37025
253202,06095,06095253202,2532.02,-121.97894,38.38280
253203,06095,06095253203,2532.03,-121.99675,38.36217
253300,06095,06095253300,2533,-121.80039,38.42294
253401,06095,06095253401,2534.01,-121.84288,38.44297
253402,06095,06095253402,2534.02,-121.81866,38.44329
253500,06095,06095253500,2535,-121.77688,38.20434
301000,06013,06013301000,3010,-121.63150,38.03827
302002,06013,06013302002,3020.02,-121.67720,37.98676
302003,06013,06013302003,3020.03,-121.72094,38.01059
302004,06013,06013302004,3020.04,-121.73803,37.97840
303100,06013,06013303100,3031,-121.67289,37.94091
303200,06013,06013303200,3032,-121.72769,37.93240
304000,06013,06013304000,3040,-121.63540,37.88391
305000,06013,06013305000,3050,-121.83097,38.01591
306001,06013,06013306001,3060.01,-121.79287,38.00713
306002,06013,06013306002,3060.02,-121.76801,38.00864
307101,06013,06013307101,3071.01,-121.81537,37.98676
307102,06013,06013307102,3071.02,-121.81553,38.00070
307201,06013,06013307201,3072.01,-121.84867,38.00241
307202,06013,06013307202,3072.02,-121.82777,38.00382
307204,06013,06013307204,3072.04,-121.83074,37.99486
307205,06013,06013307205,3072.05,-121.83778,37.99053
308001,06013,06013308001,3080.01,-121.79651,37.99199
308002,06013,06013308002,3080.02,-121.76679,37.98858
309000,06013,06013309000,3090,-121.86592,38.03972
310000,06013,06013310000,3100,-121.89140,38.02677
311000,06013,06013311000,3110,-121.89328,38.02168
312000,06013,06013312000,3120,-121.86912,38.01536
313101,06013,06013313101,3131.01,-121.88266,38.00660
313102,06013,06013313102,3131.02,-121.86434,38.00410
313103,06013,06013313103,3131.03,-121.87537,37.98079
313201,06013,06013313201,3132.01,-121.90737,38.01530
313202,06013,06013313202,3132.02,-121.92365,37.99204
314102,06013,06013314102,3141.02,-121.91776,38.03304
314103,06013,06013314103,3141.03,-121.94460,38.03896
314104,06013,06013314104,3141.04,-121.94412,38.02335
314200,06013,06013314200,3142,-121.97362,38.04421
315000,06013,06013315000,3150,-122.02977,38.03259
316000,06013,06013316000,3160,-122.13860,38.02087
317000,06013,06013317000,3170,-122.12658,38.01756
318000,06013,06013318000,3180,-122.15923,38.01533
319000,06013,06013319000,3190,-122.12196,38.00416
320001,06013,06013320001,3200.01,-122.09657,38.02252
320002,06013,06013320002,3200.02,-122.08179,38.00131
321101,06013,06013321101,3211.01,-122.10314,37.98826
321102,06013,06013321102,3211.02,-122.09313,37.97499
321103,06013,06013321103,3211.03,-122.11278,37.96996
321200,06013,06013321200,3212,-122.07150,37.98180
322000,06013,06013322000,3220,-122.07663,37.96182
323000,06013,06013323000,3230,-122.07292,37.95024
324000,06013,06013324000,3240,-122.05888,37.94549
325000,06013,06013325000,3250,-122.07456,37.93529
326000,06013,06013326000,3260,-122.08860,37.93716
327000,06013,06013327000,3270,-122.05330,37.98466
328000,06013,06013328000,3280,-122.03817,37.97545
329000,06013,06013329000,3290,-122.03438,37.99429
330000,06013,06013330000,3300,-122.02683,37.98858
331000,06013,06013331000,3310,-122.01262,37.97613
332000,06013,06013332000,3320,-121.99810,37.98182
333100,06013,06013333100,3331,-121.96402,37.96227
333200,06013,06013333200,3332,-121.98553,37.96881
334001,06013,06013334001,3340.01,-122.00216,37.96294
334003,06013,06013334003,3340.03,-121.98427,37.95058
334004,06013,06013334004,3340.04,-121.97782,37.95516
334005,06013,06013334005,3340.05,-121.99592,37.95489
335000,06013,06013335000,3350,-122.02069,37.96888
336101,06013,06013336101,3361.01,-122.03483,37.96656
336102,06013,06013336102,3361.02,-122.04009,37.96595
336200,06013,06013336200,3362,-122.04686,37.95839
337100,06013,06013337100,3371,-122.01514,37.95713
337200,06013,06013337200,3372,-122.02677,37.95126
337300,06013,06013337300,3373,-122.00804,37.94018
338100,06013,06013338100,3381,-122.04241,37.94422
338201,06013,06013338201,3382.01,-122.03110,37.93135
338202,06013,06013338202,3382.02,-122.04985,37.92124
338301,06013,06013338301,3383.01,-122.01975,37.91993
338302,06013,06013338302,3383.02,-122.01463,37.90680
339000,06013,06013339000,3390,-122.06141,37.90097
340001,06013,06013340001,3400.01,-122.06911,37.92313
340002,06013,06013340002,3400.02,-122.08443,37.91076
341000,06013,06013341000,3410,-122.08362,37.88738
342000,06013,06013342000,3420,-122.05843,37.87714
343001,06013,06013343001,3430.01,-122.04598,37.89305
343002,06013,06013343002,3430.02,-122.03961,37.90344
343003,06013,06013343003,3430.03,-122.02872,37.88658
344000,06013,06013344000,3440,-122.03397,37.85664
345101,06013,06013345101,3451.01,-121.93837,37.73186
345102,06013,06013345102,3451.02,-121.94765,37.74496
345103,06013,06013345103,3451.03,-121.92862,37.73900
345105,06013,06013345105,3451.05,-121.97974,37.79698
345107,06013,06013345107,3451.07,-121.95368,37.79739
345108,06013,06013345108,3451.08,-121.95349,37.77349
345109,06013,06013345109,3451.09,-121.93206,37.76020
345110,06013,06013345110,3451.10,-121.97543,37.74386
345201,06013,06013345201,3452.01,-122.02879,37.81565
345202,06013,06013345202,3452.02,-121.98960,37.77794
346101,06013,06013346101,3461.01,-122.00872,37.88085
346102,06013,06013346102,3461.02,-121.98467,37.86423
346201,06013,06013346201,3462.01,-121.97524,37.84496
346202,06013,06013346202,3462.02,-121.95704,37.81943
347000,06013,06013347000,3470,-122.12123,37.93292
348000,06013,06013348000,3480,-122.13200,37.90291
349000,06013,06013349000,3490,-122.10405,37.88976
350000,06013,06013350000,3500,-122.13914,37.87894
351100,06013,06013351100,3511,-122.06937,37.86282
351200,06013,06013351200,3512,-122.10527,37.86822
352101,06013,06013352101,3521.01,-122.09300,37.84488
352102,06013,06013352102,3521.02,-122.10367,37.81874
352201,06013,06013352201,3522.01,-122.13944,37.85318
352202,06013,06013352202,3522.02,-122.15977,37.82998
353001,06013,06013353001,3530.01,-122.18147,37.85704
353002,06013,06013353002,3530.02,-122.16862,37.87986
354001,06013,06013354001,3540.01,-122.21671,37.88380
354002,06013,06013354002,3540.02,-122.18216,37.90318
355101,06013,06013355101,3551.01,-121.78202,37.97497
355104,06013,06013355104,3551.04,-121.80301,37.81938
355106,06013,06013355106,3551.06,-121.83671,37.93450
355200,06013,06013355200,3552,-121.97606,37.99714
355301,06013,06013355301,3553.01,-121.97008,37.93667
355302,06013,06013355302,3553.02,-121.99461,37.92111
355303,06013,06013355303,3553.03,-121.92534,37.89170
355304,06013,06013355304,3553.04,-121.92784,37.95040
355305,06013,06013355305,3553.05,-121.93426,37.93253
356001,06013,06013356001,3560.01,-122.22812,38.02450
356002,06013,06013356002,3560.02,-122.20192,37.95705
357000,06013,06013357000,3570,-122.20299,38.04046
358000,06013,06013358000,3580,-122.25253,38.04368
359101,06013,06013359101,3591.01,-122.28400,38.01341
359102,06013,06013359102,3591.02,-122.30782,38.00380
359202,06013,06013359202,3592.02,-122.25088,37.98379
359203,06013,06013359203,3592.03,-122.25679,38.00801
359204,06013,06013359204,3592.04,-122.26673,38.00073
360100,06013,06013360100,3601,-122.27425,37.97425
360200,06013,06013360200,3602,-122.29467,37.96949
361000,06013,06013361000,3610,-122.28888,37.94412
362000,06013,06013362000,3620,-122.31526,37.94555
363000,06013,06013363000,3630,-122.30900,37.97918
364001,06013,06013364001,3640.01,-122.32510,38.00215
364002,06013,06013364002,3640.02,-122.31820,37.99392
365001,06013,06013365001,3650.01,-122.34981,37.98806
365002,06013,06013365002,3650.02,-122.37447,37.96080
366001,06013,06013366001,3660.01,-122.34642,37.97627
366002,06013,06013366002,3660.02,-122.35133,37.96928
367100,06013,06013367100,3671,-122.33051,37.97281
367200,06013,06013367200,3672,-122.33572,37.96620
368000,06013,06013368000,3680,-122.35251,37.95753
369001,06013,06013369001,3690.01,-122.33670,37.95691
369002,06013,06013369002,3690.02,-122.32385,37.95871
370000,06013,06013370000,3700,-122.32231,37.93981
371000,06013,06013371000,3710,-122.32996,37.94022
372000,06013,06013372000,3720,-122.33995,37.94854
373000,06013,06013373000,3730,-122.35396,37.94765
374000,06013,06013374000,3740,-122.34158,37.93941
375000,06013,06013375000,3750,-122.35185,37.94032
376000,06013,06013376000,3760,-122.36254,37.94111
377000,06013,06013377000,3770,-122.36294,37.93385
378000,06013,06013378000,3780,-122.39011,37.93753
379000,06013,06013379000,3790,-122.35662,37.92835
380000,06013,06013380000,3800,-122.34186,37.91381
381000,06013,06013381000,3810,-122.33499,37.93023
382000,06013,06013382000,3820,-122.32279,37.91589
383000,06013,06013383000,3830,-122.31165,37.90919
384000,06013,06013384000,3840,-122.31218,37.93393
385100,06013,06013385100,3851,-122.29555,37.92421
385200,06013,06013385200,3852,-122.30865,37.92748
386000,06013,06013386000,3860,-122.31554,37.92285
387000,06013,06013387000,3870,-122.30585,37.91701
388000,06013,06013388000,3880,-122.30209,37.90902
389100,06013,06013389100,3891,-122.29810,37.90233
389200,06013,06013389200,3892,-122.30510,37.90107
390100,06013,06013390100,3901,-122.29346,37.91394
390200,06013,06013390200,3902,-122.29137,37.90442
391000,06013,06013391000,3910,-122.28456,37.90716
392000,06013,06013392000,3920,-122.27673,37.90966
400100,06001,06001400100,4001,-122.23167,37.86735
400200,06001,06001400200,4002,-122.24981,37.84820
400300,06001,06001400300,4003,-122.25483,37.84068
400400,06001,06001400400,4004,-122.25804,37.84830
400500,06001,06001400500,4005,-122.26531,37.84870
400600,06001,06001400600,4006,-122.26536,37.84210
400700,06001,06001400700,4007,-122.27269,37.84200
400800,06001,06001400800,4008,-122.28370,37.84555
400900,06001,06001400900,4009,-122.28054,37.83960
401000,06001,06001401000,4010,-122.27250,37.83141
401100,06001,06001401100,4011,-122.26440,37.83067
401200,06001,06001401200,4012,-122.25843,37.83086
401300,06001,06001401300,4013,-122.26721,37.81826
401400,06001,06001401400,4014,-122.27376,37.82093
401500,06001,06001401500,4015,-122.28099,37.82313
401600,06001,06001401600,4016,-122.28183,37.81751
401700,06001,06001401700,4017,-122.30380,37.81995
401800,06001,06001401800,4018,-122.29844,37.80967
401900,06001,06001401900,4019,-122.31363,37.80307
402000,06001,06001402000,4020,-122.29255,37.79780
402100,06001,06001402100,4021,-122.29050,37.80679
402200,06001,06001402200,4022,-122.29415,37.80956
402300,06001,06001402300,4023,-122.28853,37.81282
402400,06001,06001402400,4024,-122.28282,37.81234
402500,06001,06001402500,4025,-122.28507,37.80614
402600,06001,06001402600,4026,-122.28033,37.80469
402700,06001,06001402700,4027,-122.27748,37.81063
402800,06001,06001402800,4028,-122.27206,37.80906
402900,06001,06001402900,4029,-122.26734,37.80748
403000,06001,06001403000,4030,-122.27108,37.80095
403100,06001,06001403100,4031,-122.27588,37.80285
403200,06001,06001403200,4032,-122.27655,37.79672
403300,06001,06001403300,4033,-122.26648,37.79550
403400,06001,06001403400,4034,-122.25951,37.80501
403500,06001,06001403500,4035,-122.26006,37.81751
403600,06001,06001403600,4036,-122.25403,37.81390
403700,06001,06001403700,4037,-122.25553,37.81068
403800,06001,06001403800,4038,-122.24187,37.81479
403900,06001,06001403900,4039,-122.24921,37.81753
404000,06001,06001404000,4040,-122.25433,37.82353
404100,06001,06001404100,4041,-122.25068,37.82908
404200,06001,06001404200,4042,-122.23474,37.83603
404300,06001,06001404300,4043,-122.23852,37.84529
404400,06001,06001404400,4044,-122.21517,37.84625
404501,06001,06001404501,4045.01,-122.21604,37.82631
404502,06001,06001404502,4045.02,-122.20272,37.83462
404600,06001,06001404600,4046,-122.19114,37.81970
404700,06001,06001404700,4047,-122.20711,37.81332
404800,06001,06001404800,4048,-122.21320,37.80547
404900,06001,06001404900,4049,-122.22154,37.80387
405000,06001,06001405000,4050,-122.22753,37.80834
405100,06001,06001405100,4051,-122.23219,37.81149
405200,06001,06001405200,4052,-122.24372,37.80534
405300,06001,06001405300,4053,-122.25340,37.80070
405400,06001,06001405400,4054,-122.24815,37.79509
405500,06001,06001405500,4055,-122.24334,37.79825
405600,06001,06001405600,4056,-122.23735,37.80072
405700,06001,06001405700,4057,-122.22976,37.79801
405800,06001,06001405800,4058,-122.23313,37.79379
405900,06001,06001405900,4059,-122.23835,37.78927
406000,06001,06001406000,4060,-122.24961,37.78710
406100,06001,06001406100,4061,-122.22763,37.77359
406201,06001,06001406201,4062.01,-122.23067,37.78485
406202,06001,06001406202,4062.02,-122.22650,37.78180
406300,06001,06001406300,4063,-122.22503,37.78907
406400,06001,06001406400,4064,-122.22195,37.79525
406500,06001,06001406500,4065,-122.21701,37.78785
406600,06001,06001406600,4066,-122.21030,37.79442
406700,06001,06001406700,4067,-122.20233,37.80311
406800,06001,06001406800,4068,-122.19484,37.79784
406900,06001,06001406900,4069,-122.19033,37.79309
407000,06001,06001407000,4070,-122.20250,37.78774
407100,06001,06001407100,4071,-122.21181,37.78139
407200,06001,06001407200,4072,-122.21932,37.77757
407300,06001,06001407300,4073,-122.21172,37.76305
407400,06001,06001407400,4074,-122.20672,37.77069
407500,06001,06001407500,4075,-122.19758,37.76918
407600,06001,06001407600,4076,-122.20324,37.77729
407700,06001,06001407700,4077,-122.19321,37.77633
407800,06001,06001407800,4078,-122.18668,37.78144
407900,06001,06001407900,4079,-122.18432,37.78822
408000,06001,06001408000,4080,-122.18291,37.80288
408100,06001,06001408100,4081,-122.15740,37.78512
408200,06001,06001408200,4082,-122.17555,37.77477
408300,06001,06001408300,4083,-122.16470,37.77080
408400,06001,06001408400,4084,-122.17097,37.76419
408500,06001,06001408500,4085,-122.17853,37.76000
408600,06001,06001408600,4086,-122.18231,37.76586
408700,06001,06001408700,4087,-122.18901,37.76851
408800,06001,06001408800,4088,-122.19701,37.75841
408900,06001,06001408900,4089,-122.18883,37.75372
409000,06001,06001409000,4090,-122.21089,37.72847
409100,06001,06001409100,4091,-122.18348,37.73172
409200,06001,06001409200,4092,-122.17780,37.72860
409300,06001,06001409300,4093,-122.17328,37.73719
409400,06001,06001409400,4094,-122.18032,37.74398
409500,06001,06001409500,4095,-122.18390,37.74987
409600,06001,06001409600,4096,-122.17269,37.75274
409700,06001,06001409700,4097,-122.16602,37.75595
409800,06001,06001409800,4098,-122.15603,37.75984
409900,06001,06001409900,4099,-122.13555,37.76183
410000,06001,06001410000,4100,-122.13174,37.74341
410100,06001,06001410100,4101,-122.15361,37.74740
410200,06001,06001410200,4102,-122.15726,37.74467
410300,06001,06001410300,4103,-122.16623,37.74610
410400,06001,06001410400,4104,-122.16223,37.74017
420100,06001,06001420100,4201,-122.29096,37.89478
420200,06001,06001420200,4202,-122.29726,37.89454
420300,06001,06001420300,4203,-122.30560,37.89270
420400,06001,06001420400,4204,-122.30701,37.88539
420500,06001,06001420500,4205,-122.29502,37.88658
420600,06001,06001420600,4206,-122.28737,37.88701
421100,06001,06001421100,4211,-122.26662,37.89956
421200,06001,06001421200,4212,-122.27507,37.89732
421300,06001,06001421300,4213,-122.28165,37.89120
421400,06001,06001421400,4214,-122.27146,37.88843
421500,06001,06001421500,4215,-122.25993,37.89183
421600,06001,06001421600,4216,-122.25588,37.88405
421700,06001,06001421700,4217,-122.27056,37.88197
421800,06001,06001421800,4218,-122.27847,37.88034
421900,06001,06001421900,4219,-122.28979,37.87939
422000,06001,06001422000,4220,-122.30218,37.86553
422100,06001,06001422100,4221,-122.29680,37.87336
422200,06001,06001422200,4222,-122.28807,37.87284
422300,06001,06001422300,4223,-122.27821,37.87398
422400,06001,06001422400,4224,-122.27000,37.87522
422500,06001,06001422500,4225,-122.26068,37.87732
422600,06001,06001422600,4226,-122.25439,37.87388
422700,06001,06001422700,4227,-122.24953,37.86794
422800,06001,06001422800,4228,-122.26043,37.86693
422900,06001,06001422900,4229,-122.26961,37.86792
423000,06001,06001423000,4230,-122.27739,37.86682
423100,06001,06001423100,4231,-122.28653,37.86579
423200,06001,06001423200,4232,-122.29392,37.86453
423300,06001,06001423300,4233,-122.28443,37.85735
423400,06001,06001423400,4234,-122.27623,37.85846
423500,06001,06001423500,4235,-122.26849,37.85941
423601,06001,06001423601,4236.01,-122.25927,37.85906
423602,06001,06001423602,4236.02,-122.25976,37.86332
423700,06001,06001423700,4237,-122.24906,37.86191
423800,06001,06001423800,4238,-122.24443,37.85479
423901,06001,06001423901,4239.01,-122.26787,37.85257
423902,06001,06001423902,4239.02,-122.25782,37.85482
424001,06001,06001424001,4240.01,-122.27501,37.85053
424002,06001,06001424002,4240.02,-122.28189,37.85059
425100,06001,06001425100,4251,-122.29099,37.83810
426100,06001,06001426100,4261,-122.22542,37.82165
426200,06001,06001426200,4262,-122.24095,37.82461
427100,06001,06001427100,4271,-122.23188,37.76455
427200,06001,06001427200,4272,-122.24765,37.77400
427300,06001,06001427300,4273,-122.26812,37.78042
427400,06001,06001427400,4274,-122.28469,37.78642
427500,06001,06001427500,4275,-122.31081,37.78448
427600,06001,06001427600,4276,-122.28400,37.77813
427700,06001,06001427700,4277,-122.28504,37.77214
427800,06001,06001427800,4278,-122.26950,37.77162
427900,06001,06001427900,4279,-122.25859,37.76982
428000,06001,06001428000,4280,-122.24754,37.76635
428100,06001,06001428100,4281,-122.23458,37.75946
428200,06001,06001428200,4282,-122.24016,37.75472
428301,06001,06001428301,4283.01,-122.23673,37.73310
428302,06001,06001428302,4283.02,-122.24626,37.74220
428400,06001,06001428400,4284,-122.25114,37.75993
428500,06001,06001428500,4285,-122.25936,37.76149
428600,06001,06001428600,4286,-122.27068,37.76536
430100,06001,06001430100,4301,-122.06610,37.75732
430200,06001,06001430200,4302,-122.06149,37.72138
430300,06001,06001430300,4303,-122.08279,37.71919
430400,06001,06001430400,4304,-122.10134,37.72020
430500,06001,06001430500,4305,-122.10909,37.70528
430600,06001,06001430600,4306,-122.09708,37.70424
430700,06001,06001430700,4307,-122.08205,37.70590
430800,06001,06001430800,4308,-122.06480,37.69896
430900,06001,06001430900,4309,-122.08267,37.69808
431000,06001,06001431000,4310,-122.07834,37.69277
431100,06001,06001431100,4311,-122.06739,37.68791
431200,06001,06001431200,4312,-122.08284,37.68547
432100,06001,06001432100,4321,-122.14648,37.73532
432200,06001,06001432200,4322,-122.15614,37.73248
432300,06001,06001432300,4323,-122.16563,37.73030
432400,06001,06001432400,4324,-122.18437,37.71063
432500,06001,06001432500,4325,-122.16882,37.71880
432600,06001,06001432600,4326,-122.15503,37.72224
432700,06001,06001432700,4327,-122.14277,37.72662
432800,06001,06001432800,4328,-122.12526,37.72108
433000,06001,06001433000,4330,-122.13534,37.71546
433101,06001,06001433101,4331.01,-122.14366,37.71192
433102,06001,06001433102,4331.02,-122.13325,37.70177
433200,06001,06001433200,4332,-122.14685,37.70139
433300,06001,06001433300,4333,-122.15709,37.69807
433400,06001,06001433400,4334,-122.16984,37.68684
433500,06001,06001433500,4335,-122.15524,37.68412
433600,06001,06001433600,4336,-122.14350,37.68579
433700,06001,06001433700,4337,-122.11356,37.68753
433800,06001,06001433800,4338,-122.12330,37.69856
433900,06001,06001433900,4339,-122.11333,37.69891
434000,06001,06001434000,4340,-122.11041,37.69234
435101,06001,06001435101,4351.01,-121.98980,37.64968
435102,06001,06001435102,4351.02,-122.04661,37.65477
435200,06001,06001435200,4352,-122.05067,37.68579
435300,06001,06001435300,4353,-122.06466,37.68076
435400,06001,06001435400,4354,-122.08321,37.67383
435500,06001,06001435500,4355,-122.09327,37.68078
435600,06001,06001435600,4356,-122.10486,37.67858
435700,06001,06001435700,4357,-122.11584,37.67842
435800,06001,06001435800,4358,-122.12955,37.67920
435900,06001,06001435900,4359,-122.14772,37.67203
436000,06001,06001436000,4360,-122.13749,37.66909
436100,06001,06001436100,4361,-122.12359,37.67156
436200,06001,06001436200,4362,-122.11221,37.66848
436300,06001,06001436300,4363,-122.09168,37.66623
436401,06001,06001436401,4364.01,-122.06520,37.67149
436402,06001,06001436402,4364.02,-122.04111,37.66668
436500,06001,06001436500,4365,-122.06964,37.65881
436601,06001,06001436601,4366.01,-122.07879,37.65682
436602,06001,06001436602,4366.02,-122.08505,37.65185
436700,06001,06001436700,4367,-122.10030,37.66214
436800,06001,06001436800,4368,-122.09429,37.65363
436900,06001,06001436900,4369,-122.10946,37.66048
437000,06001,06001437000,4370,-122.10142,37.64730
437100,06001,06001437100,4371,-122.12249,37.61298
437200,06001,06001437200,4372,-122.11154,37.64330
437300,06001,06001437300,4373,-122.09282,37.63622
437400,06001,06001437400,4374,-122.08746,37.64282
437500,06001,06001437500,4375,-122.07919,37.64401
437600,06001,06001437600,4376,-122.08038,37.63535
437700,06001,06001437700,4377,-122.07118,37.63645
437800,06001,06001437800,4378,-122.06861,37.64327
437900,06001,06001437900,4379,-122.06128,37.64286
438000,06001,06001438000,4380,-122.02892,37.61902
438100,06001,06001438100,4381,-122.03906,37.61802
438201,06001,06001438201,4382.01,-122.07643,37.62624
438202,06001,06001438202,4382.02,-122.05790,37.61811
438300,06001,06001438300,4383,-122.08833,37.62814
438400,06001,06001438400,4384,-122.08242,37.61837
440100,06001,06001440100,4401,-121.98132,37.61585
440200,06001,06001440200,4402,-122.02283,37.60010
440301,06001,06001440301,4403.01,-122.04281,37.60105
440302,06001,06001440302,4403.02,-122.07089,37.60152
440304,06001,06001440304,4403.04,-122.07660,37.58704
440305,06001,06001440305,4403.05,-122.07516,37.57779
440306,06001,06001440306,4403.06,-122.06890,37.58526
440307,06001,06001440307,4403.07,-122.04852,37.59101
440308,06001,06001440308,4403.08,-122.02788,37.58901
440309,06001,06001440309,4403.09,-122.01439,37.58748
440331,06001,06001440331,4403.31,-122.08324,37.59817
440332,06001,06001440332,4403.32,-122.08577,37.58204
441100,06001,06001441100,4411,-121.96217,37.58504
441200,06001,06001441200,4412,-121.98909,37.57711
441301,06001,06001441301,4413.01,-122.00205,37.57173
441302,06001,06001441302,4413.02,-122.01896,37.56942
441401,06001,06001441401,4414.01,-122.03757,37.57366
441402,06001,06001441402,4414.02,-122.04069,37.58241
441501,06001,06001441501,4415.01,-122.07247,37.57151
441503,06001,06001441503,4415.03,-122.02144,37.50700
441521,06001,06001441521,4415.21,-122.05300,37.57275
441522,06001,06001441522,4415.22,-122.05703,37.58393
441601,06001,06001441601,4416.01,-122.03089,37.56341
441602,06001,06001441602,4416.02,-122.02157,37.55699
441700,06001,06001441700,4417,-122.01189,37.55336
441800,06001,06001441800,4418,-121.99169,37.55909
441901,06001,06001441901,4419.01,-121.96787,37.55793
441921,06001,06001441921,4419.21,-121.96768,37.54267
441922,06001,06001441922,4419.22,-121.97750,37.54412
441923,06001,06001441923,4419.23,-121.98501,37.55095
442000,06001,06001442000,4420,-121.93573,37.55872
442100,06001,06001442100,4421,-121.95000,37.54821
442200,06001,06001442200,4422,-121.94239,37.53475
442300,06001,06001442300,4423,-121.96096,37.53166
442400,06001,06001442400,4424,-121.97384,37.53131
442500,06001,06001442500,4425,-121.98724,37.53730
442600,06001,06001442600,4426,-122.00162,37.54637
442700,06001,06001442700,4427,-122.00818,37.53720
442800,06001,06001442800,4428,-121.99324,37.52946
442900,06001,06001442900,4429,-121.97449,37.51805
443001,06001,06001443001,4430.01,-121.95178,37.51846
443002,06001,06001443002,4430.02,-121.96042,37.51676
443101,06001,06001443101,4431.01,-121.93095,37.52547
443102,06001,06001443102,4431.02,-121.92733,37.50745
443103,06001,06001443103,4431.03,-121.90372,37.52844
443200,06001,06001443200,4432,-121.89622,37.48745
443301,06001,06001443301,4433.01,-121.91224,37.47110
443302,06001,06001443302,4433.02,-121.92124,37.48567
444100,06001,06001444100,4441,-122.03657,37.55126
444200,06001,06001444200,4442,-122.04588,37.54267
444300,06001,06001444300,4443,-122.04856,37.51540
444400,06001,06001444400,4444,-122.03556,37.53629
444500,06001,06001444500,4445,-122.02767,37.53434
444600,06001,06001444600,4446,-122.00808,37.51787
450100,06001,06001450100,4501,-121.89023,37.71825
450200,06001,06001450200,4502,-121.91557,37.72245
450300,06001,06001450300,4503,-121.91769,37.71052
450400,06001,06001450400,4504,-121.93267,37.71267
450500,06001,06001450500,4505,-121.96562,37.70967
450601,06001,06001450601,4506.01,-121.93099,37.65312
450602,06001,06001450602,4506.02,-121.91301,37.67059
450603,06001,06001450603,4506.03,-121.91079,37.68871
450604,06001,06001450604,4506.04,-121.88679,37.68105
450605,06001,06001450605,4506.05,-121.88227,37.67201
450606,06001,06001450606,4506.06,-121.90002,37.66918
450607,06001,06001450607,4506.07,-121.88763,37.65703
450701,06001,06001450701,4507.01,-121.80764,37.55666
450703,06001,06001450703,4507.03,-121.85579,37.68060
450721,06001,06001450721,4507.21,-121.83921,37.72403
450722,06001,06001450722,4507.22,-121.88231,37.69433
450741,06001,06001450741,4507.41,-121.86489,37.65990
450742,06001,06001450742,4507.42,-121.82919,37.66459
451101,06001,06001451101,4511.01,-121.63673,37.63721
451102,06001,06001451102,4511.02,-121.78689,37.65049
451201,06001,06001451201,4512.01,-121.74037,37.70990
451202,06001,06001451202,4512.02,-121.76877,37.73475
451300,06001,06001451300,4513,-121.81534,37.68930
451401,06001,06001451401,4514.01,-121.76293,37.69588
451402,06001,06001451402,4514.02,-121.78077,37.68690
451501,06001,06001451501,4515.01,-121.73676,37.67330
451502,06001,06001451502,4515.02,-121.72973,37.69353
451503,06001,06001451503,4515.03,-121.74893,37.68497
451601,06001,06001451601,4516.01,-121.76068,37.66826
451602,06001,06001451602,4516.02,-121.77556,37.67117
451701,06001,06001451701,4517.01,-121.78777,37.67200
451702,06001,06001451702,4517.02,-121.79525,37.66455
500100,06085,06085500100,5001,-121.89294,37.35845
500200,06085,06085500200,5002,-121.90243,37.34914
500300,06085,06085500300,5003,-121.90843,37.33938
500400,06085,06085500400,5004,-121.92204,37.34018
500500,06085,06085500500,5005,-121.92797,37.32992
500600,06085,06085500600,5006,-121.91463,37.33338
500800,06085,06085500800,5008,-121.89549,37.33045
500901,06085,06085500901,5009.01,-121.88424,37.33515
500902,06085,06085500902,5009.02,-121.87971,37.33312
501000,06085,06085501000,5010,-121.88814,37.34170
501100,06085,06085501100,5011,-121.88509,37.35198
501200,06085,06085501200,5012,-121.87887,37.34663
501300,06085,06085501300,5013,-121.87467,37.33881
501400,06085,06085501400,5014,-121.86885,37.34944
501501,06085,06085501501,5015.01,-121.85864,37.34194
501502,06085,06085501502,5015.02,-121.86462,37.33786
501600,06085,06085501600,5016,-121.87508,37.32960
501700,06085,06085501700,5017,-121.88622,37.32345
501800,06085,06085501800,5018,-121.89639,37.31667
501900,06085,06085501900,5019,-121.90852,37.31885
502001,06085,06085502001,5020.01,-121.93315,37.32234
502002,06085,06085502002,5020.02,-121.92103,37.31927
502101,06085,06085502101,5021.01,-121.93629,37.30582
502102,06085,06085502102,5021.02,-121.92570,37.31000
502201,06085,06085502201,5022.01,-121.92076,37.30466
502202,06085,06085502202,5022.02,-121.92087,37.29795
502300,06085,06085502300,5023,-121.90772,37.30358
502400,06085,06085502400,5024,-121.89247,37.30485
502500,06085,06085502500,5025,-121.89302,37.29311
502601,06085,06085502601,5026.01,-121.91492,37.29003
502602,06085,06085502602,5026.02,-121.93256,37.28558
502701,06085,06085502701,5027.01,-121.93783,37.27084
502702,06085,06085502702,5027.02,-121.94270,37.25809
502800,06085,06085502800,5028,-121.92337,37.25575
502901,06085,06085502901,5029.01,-121.92715,37.27133
502902,06085,06085502902,5029.02,-121.91576,37.27330
502903,06085,06085502903,5029.03,-121.90521,37.27788
502906,06085,06085502906,5029.06,-121.90163,37.24770
502907,06085,06085502907,5029.07,-121.89741,37.26334
502908,06085,06085502908,5029.08,-121.90882,37.25921
502909,06085,06085502909,5029.09,-121.88746,37.25649
502910,06085,06085502910,5029.10,-121.88354,37.25133
503001,06085,06085503001,5030.01,-121.89204,37.28398
503002,06085,06085503002,5030.02,-121.88749,37.27685
503003,06085,06085503003,5030.03,-121.88512,37.26757
503103,06085,06085503103,5031.03,-121.86441,37.30886
503105,06085,06085503105,5031.05,-121.85900,37.32651
503106,06085,06085503106,5031.06,-121.84721,37.32284
503108,06085,06085503108,5031.08,-121.87359,37.28363
503110,06085,06085503110,5031.10,-121.85017,37.33343
503111,06085,06085503111,5031.11,-121.83984,37.32268
503112,06085,06085503112,5031.12,-121.87106,37.32240
503113,06085,06085503113,5031.13,-121.88085,37.31593
503115,06085,06085503115,5031.15,-121.85763,37.28927
503116,06085,06085503116,5031.16,-121.85332,37.27758
503204,06085,06085503204,5032.04,-121.83932,37.28920
503207,06085,06085503207,5032.07,-121.81557,37.29462
503208,06085,06085503208,5032.08,-121.81563,37.28068
503210,06085,06085503210,5032.10,-121.82300,37.29039
503211,06085,06085503211,5032.11,-121.83262,37.31193
503212,06085,06085503212,5032.12,-121.82901,37.30473
503213,06085,06085503213,5032.13,-121.83731,37.30157
503214,06085,06085503214,5032.14,-121.84813,37.29919
503217,06085,06085503217,5032.17,-121.83046,37.28675
503218,06085,06085503218,5032.18,-121.82990,37.28057
503304,06085,06085503304,5033.04,-121.82138,37.31279
503305,06085,06085503305,5033.05,-121.81455,37.32021
503306,06085,06085503306,5033.06,-121.82214,37.33177
503312,06085,06085503312,5033.12,-121.76308,37.34894
503313,06085,06085503313,5033.13,-121.77663,37.33138
503315,06085,06085503315,5033.15,-121.80124,37.31838
503317,06085,06085503317,5033.17,-121.80703,37.30420
503319,06085,06085503319,5033.19,-121.74261,37.30931
503320,06085,06085503320,5033.20,-121.74152,37.28346
503321,06085,06085503321,5033.21,-121.80657,37.33297
503322,06085,06085503322,5033.22,-121.79798,37.34153
503323,06085,06085503323,5033.23,-121.79179,37.33385
503324,06085,06085503324,5033.24,-121.78954,37.32767
503325,06085,06085503325,5033.25,-121.78940,37.32076
503326,06085,06085503326,5033.26,-121.76439,37.32482
503327,06085,06085503327,5033.27,-121.78919,37.30812
503328,06085,06085503328,5033.28,-121.77150,37.28208
503401,06085,06085503401,5034.01,-121.84010,37.33322
503402,06085,06085503402,5034.02,-121.83512,37.32600
503504,06085,06085503504,5035.04,-121.83424,37.33600
503506,06085,06085503506,5035.06,-121.82735,37.34384
503507,06085,06085503507,5035.07,-121.83221,37.34042
503508,06085,06085503508,5035.08,-121.81169,37.35451
503509,06085,06085503509,5035.09,-121.80166,37.34878
503510,06085,06085503510,5035.10,-121.81987,37.34966
503511,06085,06085503511,5035.11,-121.81409,37.34281
503601,06085,06085503601,5036.01,-121.86634,37.35827
503602,06085,06085503602,5036.02,-121.85242,37.34466
503702,06085,06085503702,5037.02,-121.84599,37.35189
503703,06085,06085503703,5037.03,-121.83970,37.34615
503706,06085,06085503706,5037.06,-121.84445,37.36334
503707,06085,06085503707,5037.07,-121.85399,37.35795
503708,06085,06085503708,5037.08,-121.85480,37.36949
503709,06085,06085503709,5037.09,-121.86223,37.36458
503802,06085,06085503802,5038.02,-121.83570,37.38434
503803,06085,06085503803,5038.03,-121.84972,37.38373
503804,06085,06085503804,5038.04,-121.84502,37.37589
503900,06085,06085503900,5039,-121.83203,37.37118
504001,06085,06085504001,5040.01,-121.82756,37.35861
504002,06085,06085504002,5040.02,-121.83450,37.35480
504101,06085,06085504101,5041.01,-121.82077,37.36940
504102,06085,06085504102,5041.02,-121.81526,37.36408
504201,06085,06085504201,5042.01,-121.82136,37.38456
504202,06085,06085504202,5042.02,-121.79208,37.37637
504307,06085,06085504307,5043.07,-121.85274,37.39069
504308,06085,06085504308,5043.08,-121.82027,37.41191
504310,06085,06085504310,5043.10,-121.88954,37.39553
504311,06085,06085504311,5043.11,-121.88483,37.37744
504314,06085,06085504314,5043.14,-121.85501,37.40173
504315,06085,06085504315,5043.15,-121.85972,37.40922
504316,06085,06085504316,5043.16,-121.87083,37.38712
504317,06085,06085504317,5043.17,-121.87659,37.38272
504318,06085,06085504318,5043.18,-121.89591,37.37683
504319,06085,06085504319,5043.19,-121.86737,37.37368
504320,06085,06085504320,5043.20,-121.87140,37.40272
504321,06085,06085504321,5043.21,-121.86485,37.39295
504410,06085,06085504410,5044.10,-121.87909,37.40939
504411,06085,06085504411,5044.11,-121.86502,37.41608
504412,06085,06085504412,5044.12,-121.88180,37.43936
504413,06085,06085504413,5044.13,-121.90486,37.43708
504414,06085,06085504414,5044.14,-121.89676,37.44032
504415,06085,06085504415,5044.15,-121.86955,37.42592
504416,06085,06085504416,5044.16,-121.87660,37.42047
504417,06085,06085504417,5044.17,-121.84844,37.43352
504418,06085,06085504418,5044.18,-121.88067,37.43185
504420,06085,06085504420,5044.20,-121.86891,37.46047
504421,06085,06085504421,5044.21,-121.90093,37.45140
504422,06085,06085504422,5044.22,-121.90681,37.45864
504504,06085,06085504504,5045.04,-121.89667,37.42164
504505,06085,06085504505,5045.05,-121.90247,37.40916
504506,06085,06085504506,5045.06,-121.91628,37.45033
504507,06085,06085504507,5045.07,-121.91290,37.43571
504601,06085,06085504601,5046.01,-122.08824,37.43743
504602,06085,06085504602,5046.02,-121.98782,37.43729
504700,06085,06085504700,5047,-122.04989,37.41644
504802,06085,06085504802,5048.02,-121.99137,37.40038
504803,06085,06085504803,5048.03,-122.01980,37.40098
504805,06085,06085504805,5048.05,-122.00365,37.40302
504806,06085,06085504806,5048.06,-122.00210,37.39585
504901,06085,06085504901,5049.01,-121.95135,37.39606
505001,06085,06085505001,5050.01,-121.97137,37.40043
505005,06085,06085505005,5050.05,-121.94511,37.41204
505006,06085,06085505006,5050.06,-121.92140,37.39348
505007,06085,06085505007,5050.07,-121.94834,37.38513
505100,06085,06085505100,5051,-121.92421,37.36287
505202,06085,06085505202,5052.02,-121.96091,37.37013
505203,06085,06085505203,5052.03,-121.93327,37.34696
505301,06085,06085505301,5053.01,-121.98504,37.36758
505302,06085,06085505302,5053.02,-121.97273,37.36025
505303,06085,06085505303,5053.03,-121.96423,37.35830
505304,06085,06085505304,5053.04,-121.98172,37.35925
505305,06085,06085505305,5053.05,-121.99087,37.35889
505401,06085,06085505401,5054.01,-121.98743,37.34871
505402,06085,06085505402,5054.02,-121.97363,37.34590
505403,06085,06085505403,5054.03,-121.98647,37.34160
505500,06085,06085505500,5055,-121.96214,37.34694
505600,06085,06085505600,5056,-121.94637,37.35077
505700,06085,06085505700,5057,-121.94443,37.34294
505800,06085,06085505800,5058,-121.94404,37.33156
505900,06085,06085505900,5059,-121.95720,37.33020
506000,06085,06085506000,5060,-121.96234,37.33777
506101,06085,06085506101,5061.01,-121.98491,37.33405
506102,06085,06085506102,5061.02,-121.97159,37.33134
506103,06085,06085506103,5061.03,-121.98611,37.32674
506202,06085,06085506202,5062.02,-121.99060,37.30099
506203,06085,06085506203,5062.03,-121.98316,37.32070
506204,06085,06085506204,5062.04,-121.98671,37.31365
506301,06085,06085506301,5063.01,-121.96161,37.31966
506302,06085,06085506302,5063.02,-121.95701,37.30885
506304,06085,06085506304,5063.04,-121.97060,37.31218
506305,06085,06085506305,5063.05,-121.97177,37.30434
506401,06085,06085506401,5064.01,-121.94539,37.31628
506402,06085,06085506402,5064.02,-121.94529,37.30153
506501,06085,06085506501,5065.01,-121.95614,37.29790
506502,06085,06085506502,5065.02,-121.94817,37.27845
506503,06085,06085506503,5065.03,-121.95468,37.28557
506601,06085,06085506601,5066.01,-121.98259,37.29265
506603,06085,06085506603,5066.03,-121.96937,37.28208
506604,06085,06085506604,5066.04,-121.98687,37.28062
506605,06085,06085506605,5066.05,-121.96949,37.29722
506606,06085,06085506606,5066.06,-121.96861,37.29009
506701,06085,06085506701,5067.01,-121.97953,37.27053
506702,06085,06085506702,5067.02,-121.96259,37.27425
506703,06085,06085506703,5067.03,-121.96721,37.26457
506801,06085,06085506801,5068.01,-121.95654,37.24218
506802,06085,06085506802,5068.02,-121.93614,37.24687
506803,06085,06085506803,5068.03,-121.91444,37.24278
506804,06085,06085506804,5068.04,-121.93408,37.23972
506900,06085,06085506900,5069,-121.93221,37.22761
507001,06085,06085507001,5070.01,-121.99335,37.22115
507002,06085,06085507002,5070.02,-121.94858,37.20931
507100,06085,06085507100,5071,-121.97537,37.23593
507203,06085,06085507203,5072.03,-121.96460,37.25119
507205,06085,06085507205,5072.05,-121.98123,37.25735
507206,06085,06085507206,5072.06,-121.98589,37.24344
507301,06085,06085507301,5073.01,-122.00805,37.25891
507302,06085,06085507302,5073.02,-122.02942,37.23823
507401,06085,06085507401,5074.01,-122.01850,37.28801
507402,06085,06085507402,5074.02,-121.99967,37.28179
507500,06085,06085507500,5075,-122.02409,37.27419
507600,06085,06085507600,5076,-122.05286,37.27109
507701,06085,06085507701,5077.01,-122.04960,37.32020
507702,06085,06085507702,5077.02,-122.05975,37.29876
507703,06085,06085507703,5077.03,-122.07597,37.31334
507805,06085,06085507805,5078.05,-122.05268,37.33310
507806,06085,06085507806,5078.06,-122.04086,37.32857
507807,06085,06085507807,5078.07,-122.04078,37.31230
507808,06085,06085507808,5078.08,-122.03807,37.30218
507903,06085,06085507903,5079.03,-122.01040,37.30248
507904,06085,06085507904,5079.04,-122.00205,37.30182
507905,06085,06085507905,5079.05,-122.02827,37.30248
507906,06085,06085507906,5079.06,-122.01942,37.30174
508001,06085,06085508001,5080.01,-122.02286,37.31643
508002,06085,06085508002,5080.02,-122.00486,37.31656
508101,06085,06085508101,5081.01,-122.02360,37.33007
508102,06085,06085508102,5081.02,-122.00531,37.33029
508202,06085,06085508202,5082.02,-122.00521,37.34482
508203,06085,06085508203,5082.03,-122.02693,37.34490
508204,06085,06085508204,5082.04,-122.01810,37.34440
508301,06085,06085508301,5083.01,-122.05734,37.34460
508303,06085,06085508303,5083.03,-122.04600,37.34468
508304,06085,06085508304,5083.04,-122.03705,37.34464
508401,06085,06085508401,5084.01,-122.05634,37.36247
508403,06085,06085508403,5084.03,-122.04158,37.35546
508404,06085,06085508404,5084.04,-122.04177,37.36447
508503,06085,06085508503,5085.03,-122.02617,37.35717
508504,06085,06085508504,5085.04,-122.02058,37.36230
508505,06085,06085508505,5085.05,-122.01023,37.35865
508506,06085,06085508506,5085.06,-122.00145,37.35977
508601,06085,06085508601,5086.01,-122.04126,37.37586
508602,06085,06085508602,5086.02,-122.02907,37.37266
508703,06085,06085508703,5087.03,-122.01101,37.36963
508704,06085,06085508704,5087.04,-122.00508,37.37998
508800,06085,06085508800,5088,-122.02508,37.38511
508900,06085,06085508900,5089,-122.00671,37.39096
509000,06085,06085509000,5090,-122.02197,37.39226
509102,06085,06085509102,5091.02,-122.03863,37.39158
509105,06085,06085509105,5091.05,-122.06263,37.37867
509106,06085,06085509106,5091.06,-122.05077,37.37849
509107,06085,06085509107,5091.07,-122.05674,37.37939
509108,06085,06085509108,5091.08,-122.05713,37.40024
509109,06085,06085509109,5091.09,-122.05975,37.39139
509201,06085,06085509201,5092.01,-122.07457,37.40115
509202,06085,06085509202,5092.02,-122.08399,37.40589
509302,06085,06085509302,5093.02,-122.10064,37.40928
509303,06085,06085509303,5093.03,-122.09220,37.40613
509304,06085,06085509304,5093.04,-122.09536,37.41760
509401,06085,06085509401,5094.01,-122.11447,37.40699
509403,06085,06085509403,5094.03,-122.09690,37.39807
509404,06085,06085509404,5094.04,-122.10568,37.40189
509500,06085,06085509500,5095,-122.08973,37.39436
509600,06085,06085509600,5096,-122.08062,37.39085
509700,06085,06085509700,5097,-122.07336,37.38535
509801,06085,06085509801,5098.01,-122.09340,37.38411
509802,06085,06085509802,5098.02,-122.08256,37.37868
509901,06085,06085509901,5099.01,-122.08634,37.36942
509902,06085,06085509902,5099.02,-122.07203,37.36996
510001,06085,06085510001,5100.01,-122.07978,37.35825
510002,06085,06085510002,5100.02,-122.07194,37.34630
510100,06085,06085510100,5101,-122.08021,37.34069
510200,06085,06085510200,5102,-122.10169,37.37177
510300,06085,06085510300,5103,-122.11148,37.37744
510400,06085,06085510400,5104,-122.10771,37.39128
510500,06085,06085510500,5105,-122.12015,37.39274
510600,06085,06085510600,5106,-122.13025,37.40872
510700,06085,06085510700,5107,-122.12818,37.41734
510801,06085,06085510801,5108.01,-122.10986,37.42704
510802,06085,06085510802,5108.02,-122.11054,37.41444
510803,06085,06085510803,5108.03,-122.11860,37.42051
510900,06085,06085510900,5109,-122.12984,37.42767
511000,06085,06085511000,5110,-122.12191,37.43750
511100,06085,06085511100,5111,-122.13259,37.44571
511200,06085,06085511200,5112,-122.14708,37.45110
511300,06085,06085511300,5113,-122.15795,37.44544
511400,06085,06085511400,5114,-122.14380,37.43579
511500,06085,06085511500,5115,-122.15638,37.42051
511604,06085,06085511604,5116.04,-122.17655,37.43247
511605,06085,06085511605,5116.05,-122.16412,37.43006
511606,06085,06085511606,5116.06,-122.15492,37.42595
511607,06085,06085511607,5116.07,-122.15805,37.42168
511701,06085,06085511701,5117.01,-122.13217,37.37858
511702,06085,06085511702,5117.02,-122.09737,37.35327
511703,06085,06085511703,5117.03,-122.12652,37.31470
511800,06085,06085511800,5118,-121.92300,37.15988
511901,06085,06085511901,5119.01,-121.89152,37.23952
511905,06085,06085511905,5119.05,-121.85781,37.21440
511907,06085,06085511907,5119.07,-121.85384,37.21979
511909,06085,06085511909,5119.09,-121.85810,37.19264
511910,06085,06085511910,5119.10,-121.86944,37.21327
511911,06085,06085511911,5119.11,-121.81037,37.19879
511912,06085,06085511912,5119.12,-121.83419,37.20587
511913,06085,06085511913,5119.13,-121.89098,37.22797
511914,06085,06085511914,5119.14,-121.87681,37.23068
512001,06085,06085512001,5120.01,-121.76863,37.25715
512002,06085,06085512002,5120.02,-121.77183,37.24071
512005,06085,06085512005,5120.05,-121.86578,37.27008
512014,06085,06085512014,5120.14,-121.83514,37.23965
512015,06085,06085512015,5120.15,-121.84439,37.24151
512016,06085,06085512016,5120.16,-121.85972,37.24549
512017,06085,06085512017,5120.17,-121.81696,37.27310
512018,06085,06085512018,5120.18,-121.80836,37.26304
512019,06085,06085512019,5120.19,-121.84583,37.27094
512020,06085,06085512020,5120.20,-121.83617,37.27217
512021,06085,06085512021,5120.21,-121.82372,37.26375
512022,06085,06085512022,5120.22,-121.81084,37.25514
512023,06085,06085512023,5120.23,-121.82431,37.25511
512024,06085,06085512024,5120.24,-121.86744,37.26055
512025,06085,06085512025,5120.25,-121.85185,37.26052
512026,06085,06085512026,5120.26,-121.83781,37.25955
512027,06085,06085512027,5120.27,-121.85864,37.25307
512028,06085,06085512028,5120.28,-121.81852,37.24051
512029,06085,06085512029,5120.29,-121.81622,37.24739
512030,06085,06085512030,5120.30,-121.82402,37.23253
512031,06085,06085512031,5120.31,-121.81012,37.23117
512032,06085,06085512032,5120.32,-121.78229,37.23283
512033,06085,06085512033,5120.33,-121.79645,37.23868
512034,06085,06085512034,5120.34,-121.77084,37.22926
512035,06085,06085512035,5120.35,-121.76158,37.22391
512100,06085,06085512100,5121,-121.71695,37.18313
512200,06085,06085512200,5122,-121.70713,37.04998
512304,06085,06085512304,5123.04,-121.64802,37.13529
512305,06085,06085512305,5123.05,-121.67710,37.12316
512306,06085,06085512306,5123.06,-121.65917,37.12321
512307,06085,06085512307,5123.07,-121.63688,37.09981
512308,06085,06085512308,5123.08,-121.62570,37.15222
512309,06085,06085512309,5123.09,-121.60854,37.13020
512401,06085,06085512401,5124.01,-121.60744,37.06180
512402,06085,06085512402,5124.02,-121.57125,37.09592
512503,06085,06085512503,5125.03,-121.62373,37.02970
512505,06085,06085512505,5125.05,-121.59266,37.02443
512506,06085,06085512506,5125.06,-121.58197,37.02317
512507,06085,06085512507,5125.07,-121.58371,36.97933
512508,06085,06085512508,5125.08,-121.57913,37.00470
512601,06085,06085512601,5126.01,-121.56718,37.01130
512602,06085,06085512602,5126.02,-121.51674,37.01013
512700,06085,06085512700,5127,-121.51429,37.24066
600100,06081,06081600100,6001,-122.41079,37.68696
600200,06081,06081600200,6002,-122.41580,37.70445
600300,06081,06081600300,6003,-122.43202,37.70182
600400,06081,06081600400,6004,-122.44768,37.70520
600500,06081,06081600500,6005,-122.45669,37.69691
600600,06081,06081600600,6006,-122.46625,37.69730
600700,06081,06081600700,6007,-122.46367,37.70517
600800,06081,06081600800,6008,-122.48008,37.69984
600900,06081,06081600900,6009,-122.48774,37.70467
601000,06081,06081601000,6010,-122.49262,37.67891
601100,06081,06081601100,6011,-122.48908,37.69185
601200,06081,06081601200,6012,-122.47812,37.69312
601300,06081,06081601300,6013,-122.46522,37.68762
601400,06081,06081601400,6014,-122.47854,37.68065
601501,06081,06081601501,6015.01,-122.48537,37.67425
601502,06081,06081601502,6015.02,-122.47814,37.66914
601601,06081,06081601601,6016.01,-122.44995,37.67803
601603,06081,06081601603,6016.03,-122.46037,37.65591
601604,06081,06081601604,6016.04,-122.46917,37.66828
601605,06081,06081601605,6016.05,-122.46934,37.65731
601700,06081,06081601700,6017,-122.45571,37.66277
601800,06081,06081601800,6018,-122.44593,37.65518
601900,06081,06081601900,6019,-122.43606,37.66249
602000,06081,06081602000,6020,-122.42093,37.66812
602100,06081,06081602100,6021,-122.40661,37.66188
602200,06081,06081602200,6022,-122.41770,37.65618
602300,06081,06081602300,6023,-122.40032,37.65069
602400,06081,06081602400,6024,-122.43557,37.64454
602500,06081,06081602500,6025,-122.45038,37.63973
602600,06081,06081602600,6026,-122.46066,37.64670
602700,06081,06081602700,6027,-122.47495,37.64839
602800,06081,06081602800,6028,-122.48385,37.65943
602900,06081,06081602900,6029,-122.48887,37.65141
603000,06081,06081603000,6030,-122.48414,37.63583
603100,06081,06081603100,6031,-122.48220,37.61564
603200,06081,06081603200,6032,-122.50497,37.58842
603300,06081,06081603300,6033,-122.48555,37.58083
603400,06081,06081603400,6034,-122.46233,37.59467
603500,06081,06081603500,6035,-122.45980,37.62379
603600,06081,06081603600,6036,-122.45984,37.62930
603700,06081,06081603700,6037,-122.44795,37.63244
603800,06081,06081603800,6038,-122.43391,37.61897
603900,06081,06081603900,6039,-122.41684,37.61425
604000,06081,06081604000,6040,-122.42046,37.62346
604101,06081,06081604101,6041.01,-122.41017,37.62386
604102,06081,06081604102,6041.02,-122.42563,37.63318
604200,06081,06081604200,6042,-122.40609,37.62709
604300,06081,06081604300,6043,-122.38302,37.62071
604400,06081,06081604400,6044,-122.39036,37.60508
604500,06081,06081604500,6045,-122.41014,37.60620
604600,06081,06081604600,6046,-122.41809,37.60028
604700,06081,06081604700,6047,-122.40653,37.59401
604800,06081,06081604800,6048,-122.39785,37.59962
604900,06081,06081604900,6049,-122.39798,37.58952
605000,06081,06081605000,6050,-122.38975,37.58063
605100,06081,06081605100,6051,-122.37135,37.59417
605200,06081,06081605200,6052,-122.37699,37.58341
605300,06081,06081605300,6053,-122.36244,37.58212
605400,06081,06081605400,6054,-122.34602,37.58622
605500,06081,06081605500,6055,-122.34890,37.57647
605600,06081,06081605600,6056,-122.36963,37.56482
605700,06081,06081605700,6057,-122.34853,37.54772
605800,06081,06081605800,6058,-122.34586,37.56782
605900,06081,06081605900,6059,-122.33465,37.57219
606000,06081,06081606000,6060,-122.33167,37.57979
606100,06081,06081606100,6061,-122.31750,37.58165
606200,06081,06081606200,6062,-122.32255,37.57256
606300,06081,06081606300,6063,-122.31998,37.56510
606400,06081,06081606400,6064,-122.32621,37.56102
606500,06081,06081606500,6065,-122.33166,37.55317
606600,06081,06081606600,6066,-122.31770,37.55252
606700,06081,06081606700,6067,-122.32412,37.54022
606800,06081,06081606800,6068,-122.33832,37.52871
606900,06081,06081606900,6069,-122.34616,37.51984
607000,06081,06081607000,6070,-122.32357,37.52448
607100,06081,06081607100,6071,-122.30495,37.52726
607200,06081,06081607200,6072,-122.29795,37.53339
607300,06081,06081607300,6073,-122.31230,37.53432
607400,06081,06081607400,6074,-122.31273,37.54419
607500,06081,06081607500,6075,-122.30025,37.54661
607600,06081,06081607600,6076,-122.30722,37.55770
607701,06081,06081607701,6077.01,-122.30377,37.57083
607702,06081,06081607702,6077.02,-122.30331,37.56460
607800,06081,06081607800,6078,-122.29533,37.56071
607900,06081,06081607900,6079,-122.28675,37.56038
608001,06081,06081608001,6080.01,-122.25836,37.54996
608002,06081,06081608002,6080.02,-122.26814,37.54938
608004,06081,06081608004,6080.04,-122.27582,37.56138
608013,06081,06081608013,6080.13,-122.26110,37.54031
608023,06081,06081608023,6080.23,-122.27181,37.54147
608100,06081,06081608100,6081,-122.26241,37.56037
608200,06081,06081608200,6082,-122.25969,37.56671
608300,06081,06081608300,6083,-122.25099,37.55644
608400,06081,06081608400,6084,-122.28520,37.54593
608501,06081,06081608501,6085.01,-122.28929,37.53767
608502,06081,06081608502,6085.02,-122.28308,37.53216
608600,06081,06081608600,6086,-122.27461,37.52737
608700,06081,06081608700,6087,-122.28877,37.52132
608800,06081,06081608800,6088,-122.31093,37.51658
608900,06081,06081608900,6089,-122.31093,37.50452
609000,06081,06081609000,6090,-122.28113,37.51411
609100,06081,06081609100,6091,-122.25518,37.51037
609200,06081,06081609200,6092,-122.26065,37.50348
609300,06081,06081609300,6093,-122.25062,37.49008
609400,06081,06081609400,6094,-122.26236,37.49518
609500,06081,06081609500,6095,-122.27795,37.50509
609601,06081,06081609601,6096.01,-122.28353,37.49534
609602,06081,06081609602,6096.02,-122.27567,37.48885
609603,06081,06081609603,6096.03,-122.28142,37.48114
609700,06081,06081609700,6097,-122.27443,37.46502
609800,06081,06081609800,6098,-122.25239,37.47135
609900,06081,06081609900,6099,-122.24718,37.47889
610000,06081,06081610000,6100,-122.24049,37.48345
610100,06081,06081610100,6101,-122.23747,37.49203
610201,06081,06081610201,6102.01,-122.21328,37.48409
610202,06081,06081610202,6102.02,-122.22875,37.48879
610203,06081,06081610203,6102.03,-122.22310,37.47897
610302,06081,06081610302,6103.02,-122.20968,37.51120
610303,06081,06081610303,6103.03,-122.23916,37.53922
610304,06081,06081610304,6103.04,-122.25625,37.52889
610400,06081,06081610400,6104,-122.19103,37.48205
610500,06081,06081610500,6105,-122.20414,37.47931
610601,06081,06081610601,6106.01,-122.20905,37.47102
610602,06081,06081610602,6106.02,-122.19716,37.47415
610700,06081,06081610700,6107,-122.21878,37.46948
610800,06081,06081610800,6108,-122.22561,37.46946
610900,06081,06081610900,6109,-122.23148,37.47567
611000,06081,06081611000,6110,-122.23316,37.46566
611100,06081,06081611100,6111,-122.25272,37.45715
611200,06081,06081611200,6112,-122.23445,37.45621
611300,06081,06081611300,6113,-122.22522,37.45211
611400,06081,06081611400,6114,-122.21146,37.44766
611500,06081,06081611500,6115,-122.18483,37.46741
611600,06081,06081611600,6116,-122.17042,37.47460
611700,06081,06081611700,6117,-122.15705,37.49019
611800,06081,06081611800,6118,-122.13554,37.48194
611900,06081,06081611900,6119,-122.12876,37.46442
612000,06081,06081612000,6120,-122.14637,37.46817
612100,06081,06081612100,6121,-122.14374,37.45919
612200,06081,06081612200,6122,-122.15816,37.46017
612400,06081,06081612400,6124,-122.16552,37.46463
612500,06081,06081612500,6125,-122.17775,37.45578
612600,06081,06081612600,6126,-122.18189,37.44925
612700,06081,06081612700,6127,-122.18880,37.44394
612800,06081,06081612800,6128,-122.19241,37.43631
612900,06081,06081612900,6129,-122.20363,37.43206
613000,06081,06081613000,6130,-122.20551,37.42114
613200,06081,06081613200,6132,-122.21663,37.37447
613300,06081,06081613300,6133,-122.24853,37.43994
613400,06081,06081613400,6134,-122.27898,37.41732
613501,06081,06081613501,6135.01,-122.41440,37.53457
613502,06081,06081613502,6135.02,-122.46702,37.52069
613600,06081,06081613600,6136,-122.49845,37.54376
613700,06081,06081613700,6137,-122.37416,37.44818
613800,06081,06081613800,6138,-122.30188,37.27808
