Latitude,Longitude,Vs30,Census_tract
37.84257856,-122.28985719999999,276.30001830000003,6001425103.0
37.83263684,-122.2834131,316.4023743,6001425104.0
37.821620200000005,-122.22538759999999,577.2053833,6001426100.0
37.76592608,-122.2322855,305.3262939,6001427100.0
37.77146918,-122.26904920000001,259.8187866,6001427800.0
37.74276336,-122.2466287,232.22712709999996,6001428302.0
37.72135971,-122.08348319999999,438.5214233,6001430300.0
37.70610994,-122.08224799999999,504.3453674,6001430700.0
37.68802216,-122.06736540000001,334.65829469999994,6001431100.0
37.71672945,-122.1661236,268.0239563,6001432501.0
37.70928622,-122.1391736,227.2973938,6001433103.0
37.69857209,-122.15749070000001,251.7097626,6001433300.0
37.69925106,-122.11354779999999,571.9384155,6001433900.0
37.68071198,-122.06468600000001,459.3137206999999,6001435300.0
37.6792844,-122.12954979999999,261.19787599999995,6001435800.0
37.66627793,-122.0917265,265.5465088,6001436300.0
37.64720473,-122.1015815,250.1522827,6001437000.0
37.64288117,-122.0876594,267.4625549,6001437400.0
37.638470899999994,-122.07345490000002,218.28329469999997,6001437702.0
37.62613136,-122.0764342,250.92454530000003,6001438201.0
37.62819044,-122.0884882,240.897995,6001438300.0
37.59820045,-122.0833572,218.2799683,6001440331.0
37.591333899999995,-122.0122922,248.4110107,6001440335.0
37.57171122,-122.038002,243.74432369999997,6001441401.0
37.58454144,-122.0572743,225.4389801,6001441522.0
37.55695916,-122.021271,264.54205319999994,6001441602.0
37.5530143,-121.9636328,274.6299133,6001441925.0
37.54826156,-121.94983549999999,258.3864746,6001442100.0
37.53718213,-121.98714640000001,244.88327030000002,6001442500.0
37.53716753,-122.00806329999999,254.06448360000002,6001442700.0
37.50712615,-121.92714380000001,444.28796389999997,6001443102.0
38.00335722,-122.3072475,406.8400574,6013359102.0
38.00949151,-122.2781057,379.3604736,6013359104.0
38.01438289,-122.2848239,356.1217651,6013359105.0
37.96891828,-122.2943143,431.7409058,6013360200.0
37.98316055,-122.3276082,424.3141785,6013365003.0
37.95428583,-122.3525028,272.3615417,6013368001.0
37.93846453,-122.330568,322.9891052,6013371000.0
37.92831772,-122.35674350000001,241.9489441,6013379000.0
37.90892178,-122.3116851,396.2452087,6013383000.0
37.91707484,-122.30594479999999,396.2452087,6013387000.0
37.52733008,-121.9027754,760.0,6001443103.0
37.53135301,-121.926644,412.18133539999997,6001443104.0
37.52177304,-121.93220320000002,485.0690613,6001443105.0
37.49027651,-121.9243455,519.442749,6001443321.0
37.5363268,-122.0352585,241.1915588,6001444400.0
37.70508504,-121.88522090000001,297.59481810000005,6001450101.0
37.70689204,-121.94190309999999,449.45822139999996,6001450501.0
37.65209902,-121.7774623,348.74063110000003,6001451102.0
37.69119218,-121.7841567,301.1667175,6001451403.0
37.69788967,-121.7322972,254.91235350000002,6001451504.0
37.67213042,-121.7879098,300.18225099999995,6001451701.0
37.79659462,-122.2929797,191.4466095,6001982000.0
38.00264556,-121.741003,276.3821411,6013302005.0
38.01321638,-121.7176987,228.33422850000002,6013302006.0
37.98369775,-121.73056100000001,315.57366939999997,6013302010.0
37.94314238,-121.7586355,270.4132385,6013303201.0
37.94221829999999,-121.71478,267.0115051,6013303202.0
37.92895438,-121.7087545,232.34622190000002,6013303204.0
38.00878941,-121.7631925,254.9382019,6013306002.0
37.99873488,-121.81419299999999,353.9875488,6013307102.0
37.98866881,-121.7665949,390.5071411,6013308002.0
38.0039942,-121.8644554,316.98593139999997,6013313102.0
38.01390846,-121.89927479999999,370.78866580000005,6013313206.0
38.02452984,-122.1388034,228.33422850000002,6013316000.0
37.99867705,-122.1074821,390.2868958,6013320003.0
37.95224952,-122.07207450000001,345.74490360000004,6013323000.0
37.97557073,-122.0377463,269.9430542,6013328000.0
37.98183115,-121.99778490000001,289.57562260000003,6013332000.0
37.96318644,-122.00179709999999,301.05688480000003,6013334001.0
37.96672223,-122.034504,352.462738,6013336101.0
37.92002616,-122.0196205,303.2804871,6013338301.0
37.73188796,-121.93851459999999,334.29925539999994,6013345101.0
37.744952000000005,-121.94806709999999,443.45092769999997,6013345102.0
37.79919301,-121.9651852,572.0497437000001,6013345114.0
37.81665725,-121.9846145,361.38842769999997,6013346203.0
37.88966278,-122.1040284,427.859436,6013349000.0
37.86441993,-122.0637211,573.2618408,6013351103.0
37.94473575,-121.80152079999999,394.4311218,6013355108.0
37.76313701,-121.9128002,376.6460266,6013355115.0
38.02444024,-122.2276639,552.6972656,6013356001.0
37.86760631,-122.2318915,614.6674805,6001400100.0
37.84809143,-122.24971380000001,504.571167,6001400200.0
37.83959746,-122.25467350000001,333.2643738,6001400300.0
37.84545355,-122.2834311,285.88302610000005,6001400800.0
37.80952787,-122.29822970000001,230.97082519999998,6001401800.0
37.81038676,-122.2769977,297.6669617,6001402700.0
37.80233864,-122.27544350000001,322.388031,6001403100.0
37.81615374,-122.2567384,348.41949460000006,6001403502.0
37.81722777,-122.24877620000001,404.31237789999994,6001403900.0
37.82636236,-122.21595819999999,589.0150757,6001404501.0
37.8134458,-122.20712990000001,496.28594969999995,6001404700.0
37.80205692,-122.2512943,409.50585939999996,6001405301.0
37.79828303,-122.22968519999999,348.18240360000004,6001405700.0
37.78504195,-122.2307335,373.89770510000005,6001406201.0
37.79356927,-122.20798710000001,426.77917479999996,6001406601.0
37.78794768,-122.2024929,408.42611689999995,6001407000.0
37.77104845,-122.20676399999999,428.43341060000006,6001407400.0
37.80287649,-122.1830553,760.0,6001408000.0
37.76041659,-122.1785139,276.2592163,6001408500.0
37.73227685,-122.18358719999999,251.730011,6001409100.0
37.7432211,-122.18061000000002,266.8528748,6001409400.0
37.74790622,-122.15350330000001,459.12145999999996,6001410100.0
37.80999882,-122.2889656,238.2307281,6001410500.0
37.88670482,-122.294996,368.971405,6001420500.0
37.88825386,-122.27097090000001,552.9503784,6001421400.0
37.88189678,-122.27015049999999,459.944397,6001421700.0
37.87329871,-122.2965463,365.5103455,6001422100.0
37.87731631,-122.26032250000002,760.0,6001422500.0
37.85935794,-122.2680428,381.34268189999995,6001423500.0
37.85471438,-122.2441899,504.571167,6001423800.0
37.84005966,-122.29467109999999,276.30001830000003,6001425102.0
38.100964700000006,-122.5436037,319.0090942,6041101200.0
38.09828242,-122.5861504,374.97436519999997,6041103200.0
38.0177885,-122.5624737,390.841156,6041108100.0
37.96109754,-122.5205896,534.4724121,6041112100.0
37.98076794,-122.574978,423.8814087,6041116000.0
37.92413245,-122.5229695,690.1661987000001,6041121100.0
37.888541100000005,-122.50621070000001,320.8055725,6041125000.0
37.86924497,-122.51302,471.1260681,6041129000.0
37.92315072,-122.60258770000002,659.5147705,6041131100.0
38.05570434,-122.85496270000002,514.3991699,6041132200.0
38.1704342,-122.793153,760.0,6041133000.0
38.31708988,-122.29156509999999,280.9287415,6055200504.0
38.3056713,-122.31067279999999,314.39608760000004,6055200705.0
38.29461574,-122.30740530000001,514.913147,6055200804.0
38.17121157,-122.26047539999999,314.3901978,6055201006.0
38.1608038,-122.2596534,293.65173339999996,6055201007.0
38.30705936,-122.345545,385.8655701,6055201101.0
38.39201793,-122.36763049999999,508.000824,6055201300.0
38.39094352,-122.14712800000001,505.4384766,6055201403.0
38.64190843,-122.288278,573.5240478999999,6055201800.0
37.80772243,-122.4110135,361.4279175,6075010100.0
37.80536214,-122.4222001,483.9685669,6075010200.0
37.801612899999995,-122.41567340000002,483.9685669,6075010300.0
37.80289505,-122.408649,361.4279175,6075010400.0
37.79649646,-122.4142908,526.1557007,6075010800.0
37.7929701,-122.41273290000001,530.2553711,6075011200.0
37.79335026,-122.4061631,530.2553711,6075011800.0
37.78880649,-122.4118881,357.8235168,6075012100.0
37.78393488,-122.41259769999999,357.8235168,6075012502.0
37.79780801,-122.4417515,534.2221069,6075012800.0
37.79261961,-122.42742949999999,529.512085,6075013102.0
37.790897799999996,-122.43255520000001,407.9016724,6075013500.0
37.77807797,-122.43850159999998,468.726532,6075015802.0
37.77716511,-122.42286659999999,443.296051,6075016200.0
37.77088321,-122.42866000000001,475.54299929999996,6075016801.0
37.76582301,-122.44604809999998,434.62179569999995,6075017101.0
37.78202832,-122.4011594,357.98904419999997,6075017801.0
37.76866294,-122.4199712,314.2592163,6075020100.0
37.75911949,-122.4370314,481.08569339999997,6075020500.0
37.75396999,-122.4298145,523.0685425,6075021100.0
37.745458299999996,-122.43804170000001,624.6849365,6075021600.0
37.76255384,-122.39561090000002,499.61322019999994,6075022702.0
37.75583674,-122.41208429999999,361.03890989999996,6075022803.0
37.73516234,-122.40173100000001,300.5204163,6075023001.0
37.72155648,-122.3901091,350.56845089999996,6075023400.0
37.73767308,-122.4210128,514.4759521000001,6075025401.0
37.72807121,-122.40575079999999,476.0089416999999,6075025702.0
37.725666100000005,-122.424497,577.7922363,6075026002.0
37.71042313,-122.44483149999999,551.5164185,6075026303.0
37.712157899999994,-122.40473600000001,376.38531489999997,6075026403.0
37.76306724,-122.46732309999999,491.44229129999997,6075030202.0
37.74379469,-122.45732779999999,392.09552,6075030600.0
37.72177457,-122.4573397,319.05471800000004,6075031201.0
37.76247717,-122.4807942,382.1045837,6075032601.0
37.74602142,-122.48041770000002,506.01052860000004,6075032801.0
37.70537126,-122.44451570000001,551.5164185,6081600401.0
37.69997179,-122.4803129,379.4061584,6081600800.0
37.65694496,-122.469916,473.42443849999995,6081601605.0
37.66176806,-122.4064477,553.8757324,6081602100.0
37.63984452,-122.45049329999999,567.9415893999999,6081602500.0
37.63073616,-122.44229150000001,546.8154907,6081603700.0
37.62017537,-122.4283119,539.5997313999999,6081603801.0
37.62341489,-122.42064779999998,376.6429443,6081604000.0
37.60621125,-122.4101846,395.40130619999996,6081604500.0
37.59359957,-122.3714298,272.09420780000005,6081605100.0
37.752410600000005,-122.4814615,528.4903563999999,6075032802.0
37.74615527,-122.49018219999999,468.3400574,6075032901.0
37.75267921,-122.49063799999999,499.29882810000004,6075032902.0
37.73850864,-122.48477659999999,506.01052860000004,6075033000.0
37.71603667,-122.4783856,460.9230956999999,6075033203.0
37.76139292,-122.506152,379.3454895,6075035202.0
37.78310033,-122.4811904,339.1340332,6075042601.0
37.77756561,-122.4613385,282.6655273,6075045100.0
37.77822433,-122.48405819999999,339.1340332,6075047701.0
37.77919338,-122.50398870000001,549.3421631,6075047902.0
37.71324825,-122.3896166,503.9313965,6075061000.0
37.69823005,-123.00632639999999,266.4442444,6075980401.0
37.36461848,-122.0416008,291.32092289999997,6085508404.0
37.35724289,-122.02600919999999,286.15072630000003,6085508503.0
37.36245621,-122.02033999999999,280.7421875,6085508504.0
37.35888448,-122.0098689,276.17181400000004,6085508505.0
37.3851305,-122.024752,305.2782288,6085508800.0
37.39227346,-122.0216933,241.9338837,6085509000.0
37.40127286,-122.0743382,266.4436951,6085509201.0
37.39811417,-122.0968385,306.2233887,6085509403.0
37.38538679,-122.07316100000001,295.63046260000004,6085509700.0
37.34656326,-122.071846,280.744812,6085510002.0
37.41444084,-122.11033300000001,302.93765260000004,6085510802.0
37.437565899999996,-122.1218389,210.9321136,6085511000.0
37.43593306,-122.14357620000001,259.60202030000005,6085511400.0
37.35351931,-122.09764380000001,377.2893372,6085511702.0
37.29839339,-122.12068219999999,760.0,6085511707.0
37.20575092,-121.83426829999999,367.0617065,6085511912.0
37.2700531,-121.86553590000001,266.4241333,6085512005.0
37.27210822,-121.83544750000001,269.74969480000004,6085512020.0
37.2583789,-121.8377067,261.5758057,6085512026.0
37.22934098,-121.7707379,258.1751099,6085512034.0
37.24009215,-121.8105767,225.20944210000002,6085512036.0
37.26188248,-121.80476999999999,214.84442140000002,6085512043.0
37.04990503,-121.7071345,602.7353516,6085512200.0
37.13009628,-121.6086091,401.8797913,6085512309.0
37.13315057,-121.64293,260.9602966,6085512312.0
37.02449439,-121.5925347,244.13919069999997,6085512505.0
37.00467705,-121.57888349999999,241.9234619,6085512508.0
37.01982375,-121.5705845,187.8648071,6085512604.0
37.24002309,-121.51678390000002,464.5627136,6085513500.0
37.58642324,-122.345497,275.10556030000004,6081605400.0
37.57648814,-122.3484369,355.65563960000003,6081605500.0
37.56495183,-122.36923840000001,524.3537598,6081605600.0
37.57841049,-122.331705,266.7251587,6081606000.0
37.55292858,-122.31702140000002,364.296051,6081606600.0
37.52709183,-122.3048335,527.4431763,6081607100.0
37.5580917,-122.30667720000001,261.1426086,6081607600.0
37.55153629,-122.2586008,191.39060969999997,6081608001.0
37.56102633,-122.2620902,232.12059019999998,6081608100.0
37.56693744,-122.2598969,206.2737122,6081608200.0
37.53173826,-122.28258290000001,227.2457581,6081608502.0
37.49923361,-122.2566389,257.9201355,6081609201.0
37.49074295,-122.2519831,329.17453,6081609300.0
37.48894686,-122.27611429999999,669.9434813999999,6081609602.0
37.49325095,-122.23870600000001,275.0371399,6081610100.0
37.471339,-122.209092,287.8240662,6081610601.0
37.45649394,-122.23457009999998,448.18313600000005,6081611200.0
37.47574241,-122.171025,281.2225037,6081611600.0
37.46048593,-122.147449,241.93592830000003,6081612100.0
37.27827217,-122.3018487,683.6965942,6081613800.0
37.46242731,-122.16201140000001,286.182312,6081613900.0
37.627773600000005,-122.46000959999999,540.7739257999999,6081614000.0
37.35855557,-121.8927703,269.4793396,6085500100.0
37.34017016,-121.9220706,261.4740601,6085500400.0
37.33518246,-121.8840966,281.2208252,6085500901.0
37.33301785,-121.87963959999999,214.84442140000002,6085500902.0
37.33761019,-121.8644709,230.9390411,6085501502.0
37.30596216,-121.93603459999999,297.6574097,6085502101.0
37.29320398,-121.89282560000001,277.3817749,6085502500.0
37.25562013,-121.9230656,285.6600342,6085502800.0
37.26332267,-121.8972705,275.2467651,6085502907.0
37.26747815,-121.88500659999998,244.85629269999995,6085503003.0
37.33326576,-121.84992140000001,196.0491791,6085503110.0
37.27747126,-121.85391329999999,332.9184875,6085503116.0
37.29764757,-121.8778718,258.2163086,6085503123.0
37.31187665,-121.83225220000001,260.8214111,6085503211.0
37.28050819,-121.82996920000001,206.23971559999998,6085503218.0
37.31837005,-121.8013639,315.1498413,6085503315.0
37.33370588,-121.79169099999999,364.56002810000007,6085503323.0
37.3114815,-121.77928179999999,371.8474426,6085503329.0
37.30675401,-121.8044392,314.6596375,6085503336.0
37.33585506,-121.8342963,206.2464752,6085503504.0
37.34019001,-121.83194340000001,206.2464752,6085503507.0
37.35838555,-121.8661601,254.1802673,6085503601.0
37.34460784,-121.8522631,227.1910095,6085503602.0
37.34573579,-121.8394492,218.2579498,6085503703.0
37.36945016,-121.85467120000001,305.3198242,6085503708.0
37.36222935,-121.84671840000001,332.50827030000005,6085503712.0
37.36847013,-121.8355551,286.1525574,6085503903.0
37.39068188,-121.8525821,310.84729,6085504307.0
37.38687892,-121.87085079999999,302.7555847,6085504316.0
37.40276568,-121.87143090000001,309.32037349999996,6085504320.0
37.40938037,-121.87889080000001,251.55574040000002,6085504410.0
37.43723551,-121.9046885,196.0680084,6085504413.0
37.4319992,-121.88057759999998,334.2521667,6085504418.0
37.4585656,-121.9069201,371.316864,6085504422.0
37.41648214,-122.0497375,210.9268341,6085504700.0
37.39589831,-122.0015081,244.86878969999998,6085504806.0
37.34701381,-121.9331384,286.70025630000004,6085505203.0
37.36067076,-121.97237379999999,230.94030759999998,6085505302.0
37.34898379,-121.98719399999999,275.2746582,6085505401.0
37.33793763,-121.9622004,227.0342255,6085506000.0
37.32684082,-121.98584070000001,253.9604645,6085506103.0
37.31973624,-121.96140190000001,276.17172239999996,6085506301.0
37.29800771,-121.95603440000001,257.0872498,6085506501.0
37.24277905,-121.91431370000001,322.4231873,6085506803.0
37.25133605,-121.9644744,398.54760739999995,6085507203.0
37.27442603,-122.0239459,373.9883423,6085507500.0
37.32853565,-122.04078600000001,317.16412349999996,6085507806.0
37.3124135,-122.04057659999998,346.35772710000003,6085507807.0
37.30201249,-122.0191894,286.1340637,6085507906.0
37.33026072,-122.0232898,308.4453125,6085508101.0
37.34487495,-122.0458402,312.7658997,6085508303.0
37.35566416,-122.04150520000002,306.39120479999997,6085508403.0
38.08235884,-122.2246723,438.57131960000004,6095250601.0
38.10114169,-122.2485957,438.22177120000003,6095251000.0
38.11152428,-122.2497124,344.99066160000007,6095251500.0
38.12370613,-122.26866499999998,462.3998718,6095251702.0
38.1480466,-122.2441044,415.47113039999994,6095251902.0
38.08074457,-122.1808233,541.770874,6095252105.0
38.26556871,-122.06426689999999,418.1687622,6095252306.0
38.27525784,-122.0563351,374.52990719999997,6095252312.0
38.2762603,-122.01567460000001,240.897995,6095252316.0
38.29392259,-121.9696966,262.22982790000003,6095252317.0
38.24701777,-122.04496340000001,254.4325256,6095252502.0
38.26631589,-122.021619,244.95889280000003,6095252608.0
38.24891699,-122.01317140000002,254.94311519999997,6095252704.0
38.27160729,-121.94657099999999,260.65594480000004,6095252802.0
38.3401018,-121.94440390000001,211.3262787,6095252910.0
38.32434212,-121.98120390000001,302.37469480000004,6095253000.0
38.36217782,-121.99683540000001,332.8945618,6095253203.0
38.4433594,-121.8186264,227.5188599,6095253402.0
38.28513323,-122.44415500000001,295.6697083,6097150204.0
38.23762709,-122.61325990000002,254.92706299999998,6097150601.0
38.26003611,-122.6438828,278.23187260000003,6097150609.0
38.24456379,-122.63599199999999,268.3298645,6097150901.0
38.33928239,-122.6825351,314.5895691,6097151310.0
38.43653351,-122.665102,263.46163939999997,6097151504.0
38.43519496,-122.70828119999999,254.9647369,6097151900.0
38.4784682,-122.6642472,433.1882324,6097152502.0
38.45734451,-122.7481874,261.55181880000004,6097152903.0
38.44331478,-122.75846090000002,242.2520142,6097153006.0
38.376742799999995,-122.817388,409.5708313,6097153404.0
38.55658189,-122.81268770000001,266.61483760000004,6097153804.0
38.55252854,-122.8020832,308.047821,6097153806.0
38.61891283,-122.8571363,495.5874023,6097153903.0
38.61586213,-122.95677990000002,466.6419067,6097154000.0
38.53500338,-123.2486303,760.0,6097154303.0
38.63559923,-123.2010595,513.3706665,6097154304.0
37.68794657,-122.12276229999999,196.1138916,6001433700.0
37.69882127,-122.12349520000001,227.2936859,6001433800.0
37.692162599999996,-122.10904550000001,372.0273438,6001434000.0
37.65524185,-122.0460121,588.6932982999999,6001435102.0
37.65182497,-121.9831108,689.6808472,6001435103.0
37.63860323,-122.0389966,760.0,6001435104.0
37.68595712,-122.05075330000001,514.5708618,6001435200.0
37.67286343,-122.0839375,317.63833619999997,6001435400.0
37.680979,-122.0933706,324.0802917,6001435500.0
37.67468713,-122.10225279999999,266.7987366,6001435601.0
37.68142397,-122.10673500000001,267.9124451,6001435602.0
37.67860782,-122.1160466,258.47451780000006,6001435700.0
37.6720685,-122.1478,214.84442140000002,6001435900.0
37.66982803,-122.1349468,227.253067,6001436000.0
37.67174932,-122.1235488,243.7862701,6001436100.0
37.66850479,-122.11212720000002,275.14248660000004,6001436200.0
37.67150762,-122.06503219999999,465.0245056,6001436401.0
37.82467274,-122.2406381,446.34802249999996,6001426200.0
37.77590673,-122.24779479999998,241.301712,6001427200.0
37.7812191,-122.26613400000001,218.2961426,6001427300.0
37.77779571,-122.283644,211.07843019999996,6001427600.0
37.77250815,-122.28416909999999,225.57249449999998,6001427700.0
37.76979734,-122.2582469,296.40115360000004,6001427900.0
37.76664569,-122.2475346,266.4969788,6001428000.0
37.75962125,-122.2341969,250.93608089999998,6001428100.0
37.75395095,-122.23874009999999,254.83819580000002,6001428200.0
37.73528626,-122.23311770000001,227.29476929999998,6001428301.0
37.76032623,-122.25116640000002,268.0488281,6001428400.0
37.76164806,-122.2591783,296.4445496,6001428500.0
37.76521863,-122.27004540000001,208.5066528,6001428600.0
37.78574917,-122.30434170000001,259.8242798,6001428700.0
37.72719688,-122.01531090000002,640.5391235000001,6001430101.0
37.76712020000001,-122.0820909,552.6860352000001,6001430102.0
37.71487487,-122.0632965,504.5245972,6001430200.0
37.72009133,-122.10098970000001,474.2700806,6001430400.0
37.70496735,-122.1092134,600.1811522999999,6001430500.0
37.70409304,-122.0969504,426.8737793000001,6001430600.0
37.699284000000006,-122.06517099999999,367.94036869999996,6001430800.0
37.69827184,-122.08283540000001,276.1922913,6001430900.0
37.6929342,-122.0785554,287.8266296,6001431000.0
37.68553073,-122.0829842,289.35522460000004,6001431200.0
37.73587005,-122.1466227,352.0074463,6001432100.0
37.73308067,-122.1562531,244.9036102,6001432200.0
37.73089057,-122.1656942,277.7634583,6001432300.0
37.7097722,-122.1875986,211.04896549999998,6001432400.0
37.72343658,-122.17349159999999,244.9023438,6001432502.0
37.7226994,-122.15509809999999,250.5122833,6001432600.0
37.72707756,-122.142881,361.848114,6001432700.0
37.72126333,-122.1245314,308.4860535,6001432800.0
37.71585625,-122.1354601,276.1933289,6001433000.0
37.702143299999996,-122.13350190000001,218.28886409999998,6001433102.0
37.71432229,-122.1469846,261.4805908,6001433104.0
37.70177087,-122.1471007,258.4871216,6001433200.0
37.68661227,-122.1722699,201.3546143,6001433400.0
37.68446455,-122.1552659,218.2883148,6001433500.0
37.68604159,-122.14358659999999,254.93173219999997,6001433600.0
37.78714927,-122.186485,556.8088379,6001407900.0
37.785359,-122.1575095,585.50177,6001408100.0
37.77515293,-122.175694,461.846283,6001408200.0
37.77113222,-122.16462859999999,466.27697750000004,6001408300.0
37.76459219,-122.17095230000001,276.2592163,6001408400.0
37.76624938,-122.1822696,426.5143433,6001408600.0
37.76885012,-122.1889996,408.1272278,6001408700.0
37.75885215,-122.1969509,282.12005619999996,6001408800.0
37.75416011,-122.18886450000001,191.4365082,6001408900.0
37.73013102,-122.21135690000001,206.2943878,6001409000.0
37.72919102,-122.1777989,244.9023438,6001409200.0
37.7378782,-122.1733716,250.5167389,6001409300.0
37.75039007,-122.18381799999999,254.17602540000001,6001409500.0
37.75325661,-122.17262779999999,289.401825,6001409600.0
37.75645114,-122.16588859999999,464.6254578,6001409700.0
37.76035833,-122.15578190000001,617.0845337000001,6001409800.0
37.76371454,-122.136118,520.1074829,6001409900.0
37.7440857,-122.13185220000001,567.4096069,6001410000.0
37.74342269,-122.1563845,259.8020325,6001410200.0
37.746678700000004,-122.1661399,244.30413819999998,6001410300.0
37.74080992,-122.16218390000002,244.30413819999998,6001410400.0
37.89478107,-122.29102659999998,427.2368774,6001420100.0
37.89453254,-122.2975113,335.4929504,6001420200.0
37.8929568,-122.30541470000001,335.4929504,6001420300.0
37.66685408,-122.040397,598.2145386,6001436402.0
37.65868263,-122.0691838,579.7024536,6001436500.0
37.65676094,-122.07894070000002,308.4814148,6001436601.0
37.66197075,-122.1005236,295.68676760000005,6001436700.0
37.65360038,-122.09444640000001,241.9410858,6001436800.0
37.66035833,-122.10971950000001,267.8979492,6001436900.0
37.61244721,-122.12272920000001,208.43194580000002,6001437101.0
37.62982203,-122.1002566,269.7707825,6001437102.0
37.64319518,-122.1115595,265.5413818,6001437200.0
37.63622143,-122.09305069999999,289.13174439999995,6001437300.0
37.64404223,-122.0794053,254.93084720000002,6001437500.0
37.63536007,-122.08046540000001,218.28329469999997,6001437600.0
37.63367483,-122.06961299999999,282.64544680000006,6001437701.0
37.64314435,-122.0686989,454.38330080000003,6001437800.0
37.64287257,-122.0621655,664.0725097999999,6001437900.0
37.61916444,-122.02860279999999,418.6268921,6001438000.0
37.61813766,-122.03892920000001,276.0664368,6001438100.0
37.61558678,-122.05241550000001,250.1348724,6001438203.0
37.62702351,-122.05965230000001,248.41188050000002,6001438204.0
37.61843743,-122.0825729,217.82579040000002,6001438400.0
37.61714002,-121.96326299999998,680.6582031,6001440100.0
37.60035775,-122.0225251,250.921814,6001440200.0
37.60120956,-122.04276709999999,280.6913757,6001440301.0
37.57742008,-122.0746656,266.7251587,6001440305.0
37.88547571,-122.31190149999999,275.3347778,6001420400.0
37.8870514,-122.2871114,463.87170410000004,6001420600.0
37.89946759,-122.2661373,615.996521,6001421100.0
37.89733692,-122.2747145,760.0,6001421200.0
37.89516433,-122.28411979999998,591.217041,6001421300.0
37.89177219,-122.2595535,581.1561279,6001421500.0
37.88401621,-122.25603659999999,760.0,6001421600.0
37.88029959,-122.278195,459.944397,6001421800.0
37.87947352,-122.28964140000001,365.5103455,6001421900.0
37.86522631,-122.30448729999999,239.6867523,6001422000.0
37.87287346,-122.28782279999999,348.0301208,6001422200.0
37.87407592,-122.2779158,459.944397,6001422300.0
37.87523376,-122.2695858,549.2963867000001,6001422400.0
37.87516502,-122.250495,675.2044067,6001422600.0
37.86787324,-122.24952830000001,760.0,6001422700.0
37.866791,-122.25997029999999,589.5164185,6001422800.0
37.86787919,-122.26925459999998,436.79309079999996,6001422900.0
37.86580837,-122.2863202,342.31732180000006,6001423100.0
37.8645248,-122.29368459999999,348.0301208,6001423200.0
37.85733282,-122.2842,329.96887210000006,6001423300.0
37.85836997,-122.27588290000001,376.126709,6001423400.0
37.85887493,-122.2587128,473.7877502,6001423601.0
37.86316913,-122.2592703,473.7877502,6001423602.0
37.86183095,-122.24892009999999,593.6616211,6001423700.0
37.85362581,-122.26654950000001,385.94396969999997,6001423901.0
37.85476148,-122.25741200000002,426.0525818,6001423902.0
37.85029103,-122.2746095,374.4284363,6001424001.0
37.85044188,-122.28158400000001,340.8422852,6001424002.0
37.58499416,-122.06836580000001,239.5310059,6001440306.0
37.59110908,-122.0486408,232.1357574,6001440307.0
37.58936316,-122.02786869999998,250.4657898,6001440308.0
37.58192507,-122.0858035,244.2662659,6001440332.0
37.60535357,-122.07384509999999,244.27351380000002,6001440333.0
37.59383085,-122.0649376,239.53771969999997,6001440334.0
37.58117322,-122.0175894,187.8648071,6001440336.0
37.58385289,-121.94556899999999,573.6331177000001,6001441100.0
37.57431287,-121.987711,206.2744751,6001441200.0
37.571747200000004,-122.002619,232.12438959999997,6001441301.0
37.56932883,-122.01943759999999,196.0925446,6001441302.0
37.58235829,-122.03985109999999,196.09367369999998,6001441402.0
37.57257119,-122.0675703,225.43469240000002,6001441501.0
37.48611526,-121.96361529999999,218.2700195,6001441503.0
37.57293964,-122.05323229999999,257.29953,6001441521.0
37.56478098,-122.04659,210.98767090000004,6001441523.0
37.55750298,-122.04890049999999,259.6791992,6001441524.0
37.5635191,-122.03057949999999,241.20559690000002,6001441601.0
37.55322498,-122.01161809999999,232.1130219,6001441700.0
37.55917547,-121.99153940000001,210.98767090000004,6001441800.0
37.54243949,-121.9678612,283.07824710000006,6001441921.0
37.55099926,-121.98497009999998,244.26046749999998,6001441923.0
37.56477601,-121.9732597,218.2771912,6001441924.0
37.84071398,-122.29972430000001,254.9588165,6001425101.0
37.54081247,-121.9786935,254.070816,6001441926.0
37.54653022,-121.97663100000001,254.070816,6001441927.0
37.55925498,-121.93514109999998,479.1329956,6001442000.0
37.53455243,-121.94217579999999,391.3206787,6001442200.0
37.52786255,-121.96146709999998,270.25646969999997,6001442301.0
37.53641034,-121.96001940000001,293.1996155,6001442302.0
37.531386299999994,-121.9737712,214.84442140000002,6001442400.0
37.54430548,-121.9976162,238.1678619,6001442601.0
37.54814518,-122.0049774,257.2876587,6001442602.0
37.52937884,-121.9930719,228.33422850000002,6001442800.0
37.51839426,-121.97482430000001,218.2727814,6001442900.0
37.51844399,-121.9515416,274.6293945,6001443001.0
37.51685599,-121.96060559999998,250.43936159999998,6001443002.0
38.00197876,-122.29123829999999,281.22937010000004,6013359103.0
37.98371945,-122.2510162,504.99011229999996,6013359202.0
38.00658322,-122.25398899999999,476.7967834,6013359203.0
38.00014192,-122.26554159999999,493.075592,6013359204.0
37.98248717,-122.28695959999999,645.6043701,6013360101.0
37.96824202,-122.2659138,400.86389160000004,6013360102.0
37.94359279,-122.28819740000002,655.7415771000001,6013361000.0
37.94558287,-122.31509209999999,446.5370789,6013362000.0
37.97884841,-122.30864779999999,391.67913819999995,6013363000.0
37.96017796,-122.3734143,254.28237919999998,6013365002.0
37.976116999999995,-122.34604579999998,502.2400208000001,6013366001.0
37.969013000000004,-122.3509842,246.8368835,6013366002.0
37.97263626,-122.3305298,427.4125061000001,6013367100.0
37.96610834,-122.339808,418.0701294,6013367200.0
37.96101321,-122.35205570000001,272.3615417,6013368002.0
37.95665747,-122.3363956,364.2992859,6013369001.0
37.95859028,-122.32360349999999,389.7307434,6013369002.0
37.93976568,-122.3221939,511.70623780000005,6013370000.0
37.94855931,-122.33996850000001,319.6618042,6013372000.0
37.94708036,-122.35373799999999,284.6417847,6013373000.0
37.93941587,-122.34148020000002,291.63955689999995,6013374000.0
37.94023683,-122.35178119999999,301.9829407,6013375000.0
37.94105398,-122.3623997,250.31732180000003,6013376000.0
37.93378342,-122.3629321,266.6335449,6013377000.0
37.93628387,-122.38966029999999,568.9353637999999,6013378000.0
37.91697514,-122.3386895,227.35891719999998,6013380000.0
37.93018792,-122.33505919999999,276.2055664,6013381000.0
37.91598675,-122.32299440000001,282.74847410000007,6013382000.0
37.93303147,-122.31528829999999,503.0943298,6013384000.0
37.92422136,-122.2954379,412.0243225,6013385100.0
38.03793225,-121.6303801,196.1775818,6013301000.0
37.98368495,-121.7057022,265.1123962,6013302007.0
37.99004105,-121.67796650000001,217.96411129999998,6013302008.0
37.97151618,-121.74792839999999,384.2443542,6013302009.0
37.95783811,-121.70751270000001,232.36167909999998,6013303102.0
37.93660672,-121.6660623,249.79678340000004,6013303103.0
37.94709929,-121.73199640000001,249.800354,6013303203.0
37.91093546,-121.7020933,266.9915771,6013303205.0
37.89574547,-121.7403477,301.2504272,6013304001.0
37.84616164,-121.6184021,254.2274475,6013304002.0
37.90461619,-121.5842902,283.4417114,6013304003.0
37.99385934,-122.31717659999998,347.12295530000006,6013364002.0
37.92746424,-122.308749,571.5348511,6013385200.0
37.92269737,-122.3156284,309.77725219999996,6013386000.0
37.90898885,-122.30224270000001,550.9168701,6013388000.0
37.90231204,-122.29809740000002,333.1349182,6013389100.0
37.91394433,-122.29342120000001,760.0,6013390100.0
37.906310600000005,-122.2937915,559.4351196,6013390200.0
37.90722173,-122.28438840000001,718.8516235000001,6013391000.0
37.90950578,-122.27558390000002,560.0522461,6013392000.0
37.99270543,-122.3489222,398.4352722,6013392200.0
38.02328046,-122.2732291,240.897995,6013392300.0
37.90141143,-121.60920320000001,196.15242,6013304004.0
37.93871619,-121.606241,241.9491119,6013304005.0
38.01590272,-121.8308977,291.30139160000004,6013305000.0
38.00533687,-121.799425,263.4312439,6013306003.0
38.00855268,-121.7857669,340.9016418,6013306004.0
37.98658658,-121.81565359999999,292.2127686,6013307101.0
38.00261706,-121.84854920000001,373.64123539999997,6013307201.0
38.00370316,-121.82780179999999,241.95088199999998,6013307202.0
37.99463318,-121.8308186,336.6158142,6013307204.0
37.99094568,-121.8456298,317.65319819999996,6013307205.0
37.99192929,-121.7965054,362.86758419999995,6013308001.0
38.03963784,-121.86569920000001,218.31987,6013309000.0
38.02604477,-121.88333870000001,264.82882689999997,6013310000.0
38.02142401,-121.8936643,331.85116580000005,6013311000.0
38.01523608,-121.8695919,301.8974915,6013312000.0
38.00648779,-121.8827774,322.4936829,6013313101.0
37.98098381,-121.8753976,535.5661011,6013313103.0
38.00747285,-121.9161633,507.09115599999996,6013313203.0
37.98895291,-121.9237065,520.6641846,6013313204.0
38.01700995,-121.9150678,360.4695435,6013313205.0
38.03305964,-121.92154920000002,310.45108030000006,6013314102.0
38.03888206,-121.9446126,208.631546,6013314103.0
38.02324132,-121.94437679999999,380.47790530000003,6013314104.0
38.04803444,-121.9726125,187.8648071,6013314200.0
38.03644115,-122.03078400000001,292.2772217,6013315000.0
38.01769421,-122.12614109999998,366.1384888,6013317000.0
38.01734533,-122.15881470000001,699.9033812999999,6013318000.0
38.00424338,-122.12156409999999,447.8034668000001,6013319000.0
38.02426309,-122.0977889,352.2381287,6013320001.0
38.00024201,-122.07731899999999,350.7950439,6013320004.0
37.98937069,-122.1141827,439.0621338,6013321101.0
37.97538497,-122.09294150000001,504.9744263,6013321102.0
37.97027476,-122.1125239,574.9224853999999,6013321103.0
37.98215214,-122.0713172,242.0440216,6013321200.0
37.9620156,-122.0766278,505.0238342,6013322000.0
37.93864788,-122.05610130000001,241.9491119,6013324001.0
37.95610522,-122.05768700000002,218.3124847,6013324002.0
37.93844299,-122.0734125,370.9363708,6013325000.0
37.9429572,-122.0857148,461.7496338,6013326000.0
37.98496552,-122.0532338,251.86604309999998,6013327000.0
37.99469549,-122.0339308,306.9828796,6013329000.0
37.98859767,-122.0260549,238.27578739999998,6013330000.0
37.97623531,-122.01215320000001,326.3456726,6013331000.0
37.96490655,-121.9701124,332.64846800000004,6013333101.0
37.95972913,-121.9581537,424.8109436000001,6013333102.0
37.9689657,-121.9851598,309.2310486,6013333200.0
37.95850343,-121.98826399999999,363.6427917,6013334004.0
37.95085315,-121.9860165,505.9828796,6013334006.0
37.87073809,-122.0514205,760.0,6013334200.0
37.96903056,-122.02026359999999,420.71490480000006,6013335000.0
37.96678471,-122.0405975,243.9107361,6013336102.0
37.96059286,-122.0474888,238.2695465,6013336201.0
37.95498244,-122.04463870000001,206.3222656,6013336202.0
37.95725945,-122.0148723,448.23208619999997,6013337100.0
37.95149362,-122.02674920000001,479.9613342,6013337200.0
37.94885161,-122.0425706,254.1802673,6013338101.0
37.94133559,-122.0423366,217.94352719999998,6013338102.0
37.931490600000004,-122.03104950000001,272.5812378,6013338201.0
37.92183357,-122.05548200000001,297.739502,6013338203.0
37.91897589,-122.04700559999999,377.4815369,6013338204.0
37.90672892,-122.01459579999998,488.8535767,6013338302.0
37.89403031,-122.059905,276.2034607,6013339001.0
37.90632149,-122.06296119999999,266.6085205,6013339002.0
37.92320257,-122.06897959999999,263.4256287,6013340001.0
37.91068491,-122.0843731,528.8880005,6013340002.0
37.88740843,-122.08378490000001,484.03344730000003,6013341000.0
37.89273351,-122.04966499999999,478.4919739,6013343001.0
37.90349298,-122.0397679,502.9446716,6013343002.0
37.89142461,-122.0171445,372.9210205,6013343003.0
37.7359758,-121.92878799999998,228.33422850000002,6013345103.0
37.79665765,-121.97962679999999,278.7479248,6013345105.0
37.7747319,-121.9550385,389.21820069999995,6013345108.0
37.7587641,-121.95194950000001,297.7765198,6013345111.0
37.76141776,-121.9274521,555.3219604,6013345112.0
37.79560378,-121.94176670000002,544.9782104,6013345113.0
37.74217728,-121.97567579999999,743.1687622000001,6013345115.0
37.7643292,-121.9742868,463.77783200000005,6013345116.0
37.77747176,-121.98209720000001,447.5950623,6013345202.0
37.80510385,-122.0221087,760.0,6013345203.0
37.83528506,-122.0418298,760.0,6013345204.0
37.883295000000004,-122.0055325,518.5169678,6013346101.0
37.86365339,-121.98373090000001,437.76208499999996,6013346102.0
37.83981041,-122.001898,367.44525150000004,6013346201.0
37.81950658,-121.9506912,493.61279299999995,6013346204.0
37.93291198,-122.1209561,760.0,6013347000.0
37.90025128,-122.145086,704.8428955,6013348000.0
37.87873137,-122.13898710000001,563.1461792,6013350000.0
37.85310523,-122.06592250000001,716.7466431,6013351101.0
37.87260197,-122.0806945,653.2630615,6013351102.0
37.86829961,-122.1051553,487.5666199,6013351200.0
37.84547145,-122.0931524,420.2406311000001,6013352101.0
37.81865295,-122.10370990000001,636.12146,6013352102.0
37.85299636,-122.1392669,417.2549744,6013352201.0
37.82966786,-122.1594455,471.8502502,6013352202.0
37.85666838,-122.1812346,503.1811523,6013353001.0
37.87950452,-122.1684619,493.1484375,6013353002.0
37.88378992,-122.216655,760.0,6013354001.0
37.90276335,-122.18245659999998,513.149292,6013354002.0
37.48714381,-121.8964446,760.0,6001443200.0
37.47067249,-121.9128356,408.78851319999995,6001443301.0
37.48294222,-121.9198102,411.2384338,6001443322.0
37.55126519,-122.03640559999998,227.2512665,6001444100.0
37.54254168,-122.045753,254.070816,6001444200.0
37.53652129,-122.05711459999999,201.3546143,6001444301.0
37.51256432,-122.04741729999999,250.4371643,6001444302.0
37.53427557,-122.0273419,241.1915588,6001444500.0
37.52707713,-122.0162173,250.44375609999997,6001444601.0
37.51225341,-122.00305149999998,210.96382140000003,6001444602.0
37.72081804,-121.89109380000001,399.6733093,6001450102.0
37.72251477,-121.9153871,368.41464229999997,6001450200.0
37.71072211,-121.91776920000001,282.6195068,6001450300.0
37.71266348,-121.93244399999999,317.5389709,6001450400.0
37.71008361,-121.9676658,696.9885254,6001450502.0
37.93921643,-121.88531200000001,748.0336304,6013355107.0
37.97629515,-121.7939841,371.9597778,6013355109.0
37.96793461,-121.76934229999999,327.9018555,6013355110.0
37.97829283,-121.7754373,257.13992310000003,6013355111.0
37.82524441,-121.78942450000001,617.7203369,6013355112.0
37.80651162,-121.9040537,504.4553528,6013355113.0
37.78732236,-121.9082619,446.44787599999995,6013355114.0
37.773299200000004,-121.88121650000001,561.0482787999999,6013355116.0
37.7459966,-121.89684879999999,305.4618835,6013355117.0
37.99707422,-121.975827,760.0,6013355200.0
37.93681448,-121.97015139999999,441.05834960000004,6013355301.0
37.92107905,-121.9944828,653.4484252999999,6013355302.0
37.68934873,-121.922326,279.8960266,6001450602.0
37.68883254,-121.9106364,309.66693119999996,6001450603.0
37.67207847,-121.88195559999998,254.13444520000002,6001450605.0
37.66949182,-121.8997466,257.347168,6001450606.0
37.65729442,-121.88743319999999,230.9604187,6001450607.0
37.55686804,-121.80737309999999,760.0,6001450701.0
37.66026601,-121.86470759999999,398.9791565,6001450741.0
37.66506983,-121.81893429999998,318.9548645,6001450742.0
37.69639174,-121.871181,217.8550262,6001450744.0
37.68244559,-121.8527256,409.63226319999995,6001450745.0
37.67360722,-121.8685441,241.9042969,6001450746.0
37.70530412,-121.8611332,412.3268127,6001450750.0
37.71632264,-121.84309180000001,600.9190674,6001450751.0
37.73358214,-121.8241813,481.9751892,6001450752.0
37.95130426,-121.93388449999999,687.7850952,6013355304.0
37.89343382,-121.9256591,760.0,6013355306.0
37.96473408,-122.163628,547.4520263999999,6013356002.0
38.0427739,-122.2029055,575.9324951,6013357000.0
38.04760585,-122.2508412,530.5653687,6013358000.0
37.84822748,-122.25744170000002,426.0525818,6001400400.0
37.848533700000004,-122.26481629999999,385.94396969999997,6001400500.0
37.84194982,-122.2648653,375.97070310000004,6001400600.0
37.84171432,-122.27232690000001,336.210144,6001400700.0
37.839431700000006,-122.28027970000001,285.88302610000005,6001400900.0
37.83120424,-122.27193729999999,319.5341797,6001401000.0
37.83048949,-122.2638305,324.3817749,6001401100.0
37.83057919,-122.25792949999999,408.85180660000003,6001401200.0
37.81807987,-122.26675,268.0189819,6001401300.0
37.82292937,-122.2806413,275.26516719999995,6001401500.0
37.81737981,-122.28147340000001,249.3895264,6001401600.0
37.67371103,-121.9462685,760.0,6001450601.0
37.63733537,-121.63676370000002,760.0,6001451101.0
37.71007813,-121.7402888,312.8299561,6001451201.0
37.73477976,-121.76893419999999,282.1149292,6001451202.0
37.68965203,-121.8156727,297.9469299,6001451300.0
37.69597463,-121.7630091,411.8139343,6001451401.0
37.68528341,-121.78031090000002,301.1667175,6001451404.0
37.67334442,-121.73694760000001,280.744812,6001451501.0
37.68497205,-121.7490794,326.5742493,6001451503.0
37.68937334,-121.72464270000002,285.846405,6001451505.0
37.68331108,-121.7292101,315.09622189999993,6001451506.0
37.66838321,-121.76075949999999,285.7511902,6001451601.0
37.67123615,-121.77569299999999,311.94201660000004,6001451602.0
37.66729503,-121.80100470000001,300.7609253,6001451703.0
37.66218018,-121.79009750000002,313.607666,6001451704.0
37.80227904,-122.31578049999999,238.2307281,6001981900.0
37.7956366,-122.27708770000001,343.90655519999996,6001983200.0
37.81784312,-122.30717779999999,227.32899480000003,6001401700.0
37.80472632,-122.29727849999999,230.97082519999998,6001402200.0
37.81205477,-122.2824489,249.3895264,6001402400.0
37.80563425,-122.28481880000001,271.9657288,6001402500.0
37.80427189,-122.2799515,271.9657288,6001402600.0
37.80873182,-122.2715083,322.388031,6001402800.0
37.80711926,-122.2669522,373.2016602,6001402900.0
37.80042132,-122.2707322,343.90655519999996,6001403000.0
37.79458485,-122.2663328,372.86743160000003,6001403300.0
37.8047184,-122.25892169999999,365.3783264,6001403400.0
37.81762955,-122.26015430000001,348.41949460000006,6001403501.0
37.81348456,-122.25377250000001,348.41949460000006,6001403600.0
37.81131328,-122.25892350000001,348.41949460000006,6001403701.0
37.80978986,-122.25182959999998,365.3783264,6001403702.0
37.81483455,-122.2417419,380.1612854,6001403800.0
37.823144899999996,-122.25363200000001,392.4786682,6001404000.0
37.83001603,-122.2498885,447.601532,6001404101.0
37.82569839,-122.24994550000001,350.88235469999995,6001404102.0
37.83610713,-122.23446979999999,527.1956786999999,6001404200.0
37.845448100000006,-122.23827560000001,438.73019410000006,6001404300.0
37.84626037,-122.2151284,481.8120728,6001404400.0
37.83453516,-122.20255230000001,760.0,6001404502.0
37.81963018,-122.19111059999999,760.0,6001404600.0
37.80550395,-122.21318640000001,516.7211914,6001404800.0
37.80415952,-122.221498,248.41596980000003,6001404900.0
37.80506727,-122.23083899999999,397.9342651,6001405000.0
37.81150252,-122.2320928,614.3466187000001,6001405100.0
37.80519965,-122.2436723,409.50585939999996,6001405200.0
37.79843405,-122.2540627,307.1211548,6001405302.0
37.79653907,-122.2494541,416.63125610000003,6001405401.0
37.79333367,-122.24610159999999,416.63125610000003,6001405402.0
37.79821497,-122.24321370000001,416.63125610000003,6001405500.0
37.80087654,-122.23723259999998,435.0066223,6001405600.0
37.79400929,-122.23311389999999,348.18240360000004,6001405800.0
37.78778626,-122.23576580000001,391.5321045,6001405901.0
37.79097002,-122.2408996,391.5321045,6001405902.0
37.79028942,-122.2521095,307.1142578,6001406000.0
37.77361026,-122.2278163,305.3262939,6001406100.0
37.78197829,-122.2265575,318.21783450000004,6001406202.0
37.7893415,-122.225081,373.89770510000005,6001406300.0
37.79556121,-122.2218715,372.917572,6001406400.0
37.78793902,-122.2170056,387.3451233,6001406500.0
37.796395000000004,-122.2143959,426.77917479999996,6001406602.0
37.80331282,-122.20209840000001,636.2276001,6001406700.0
37.79771198,-122.19492790000001,578.9489136,6001406800.0
37.79323288,-122.19050849999999,578.9489136,6001406900.0
37.78307057,-122.2146067,427.6307068,6001407101.0
37.78088803,-122.21023419999999,427.6307068,6001407102.0
37.7777477,-122.2192748,316.984375,6001407200.0
37.76489333,-122.2123145,211.07038880000002,6001407300.0
37.76951263,-122.197622,408.1272278,6001407500.0
37.77767604,-122.203827,443.38476560000004,6001407600.0
37.77652641,-122.19314609999999,423.5002136,6001407700.0
37.77998421,-122.185157,442.1584778,6001407800.0
38.29178674,-122.2979091,287.38595580000003,6055200201.0
38.29534811,-122.2881396,300.62982180000006,6055200202.0
38.28846089,-122.2745414,383.38528439999993,6055200301.0
38.28433934,-122.25846100000001,301.78381349999995,6055200302.0
38.31028594,-122.26736840000001,526.1131592,6055200400.0
38.31111068,-122.3010895,308.222168,6055200501.0
38.30494616,-122.28662779999999,244.96351620000002,6055200503.0
38.3158036,-122.2819273,269.8135986,6055200505.0
38.33174714,-122.31244850000002,211.320755,6055200601.0
38.33537711,-122.3015933,262.25836180000005,6055200602.0
38.30992515,-122.32950109999999,343.0180359,6055200703.0
38.31538449,-122.31526170000001,334.855835,6055200704.0
38.32839618,-122.33019650000001,268.37741090000003,6055200706.0
38.32344721,-122.3205447,239.94250490000002,6055200707.0
38.26220906,-122.3007916,437.6679688,6055200802.0
38.29484439,-122.32747979999999,362.2540894,6055200803.0
38.27445036,-122.26920249999999,478.1779175,6055200900.0
38.22997205,-122.22978810000001,760.0,6055201003.0
38.1594954,-122.2395111,332.9184875,6055201004.0
38.20302187,-122.28111940000001,248.4254761,6055201005.0
38.2815476,-122.3686633,246.96386719999998,6055201102.0
38.37021899,-122.35753600000001,561.2245482999999,6055201200.0
38.39250567,-122.2726986,760.0,6055201401.0
38.32301462,-122.22904650000001,760.0,6055201402.0
38.45031446,-122.45532,630.1889647999999,6055201500.0
38.50136996,-122.4573962,286.407135,6055201601.0
38.50726658,-122.4783604,587.800293,6055201602.0
38.55639446,-122.42479409999999,377.7637329,6055201700.0
38.62489806,-122.55339769999999,760.0,6055201900.0
38.58173009,-122.5824759,287.4348755,6055202000.0
38.13333704,-122.5403763,445.3512573,6041101100.0
38.13164197,-122.59131119999999,760.0,6041102100.0
38.11656857,-122.59124140000002,502.1646118,6041102202.0
38.11041957,-122.5703322,442.8924255,6041102203.0
38.1157013,-122.64605790000002,421.7737122,6041103100.0
38.07925754,-122.5641361,542.0049437999999,6041104101.0
38.08841031,-122.55953000000001,375.26358030000006,6041104102.0
38.060886100000005,-122.5688826,387.1541748,6041104200.0
38.07833403,-122.51493229999998,217.99397280000002,6041104300.0
38.05772774,-122.51519280000001,305.585144,6041105000.0
38.02882257,-122.51890159999998,208.6257019,6041106001.0
38.006510600000006,-122.51644909999999,760.0,6041106002.0
38.03857155,-122.58393500000001,760.0,6041107000.0
37.99888365,-122.54758970000002,468.33966060000006,6041108200.0
37.98155656,-122.530534,490.44482419999997,6041109001.0
37.98395513,-122.5489361,574.2437133999999,6041109002.0
37.98247892,-122.50889540000001,760.0,6041110100.0
37.99054332,-122.47392509999999,516.6809691999999,6041110200.0
37.97030442,-122.5367538,510.53405760000004,6041111000.0
37.96577451,-122.50259650000001,196.16383359999998,6041112201.0
37.95783805,-122.4980855,187.8648071,6041112202.0
38.01254415,-122.6685975,760.0,6041113000.0
37.97640439,-122.5941341,539.4290771000001,6041114100.0
38.00299323,-122.5996435,444.36209110000004,6041114200.0
37.99713463,-122.5714818,540.6437377999999,6041115000.0
37.97325544,-122.5655375,485.1741943,6041117000.0
37.962214200000005,-122.5619915,564.7754517000001,6041118100.0
37.94408629,-122.5612443,702.6017456000001,6041119100.0
37.94651228,-122.53289099999999,314.5750427,6041119201.0
37.95171275,-122.5245922,441.9533386,6041119202.0
37.9358346,-122.5377246,496.1748352,6041120000.0
37.93057311,-122.5077403,211.1457977,6041121200.0
37.94013878,-122.49020619999999,376.5857544,6041122000.0
37.87806625,-122.470754,305.7091064,6041123000.0
37.90242531,-122.4914973,618.1258545,6041124100.0
37.88226143,-122.45124740000001,549.9530029,6041124200.0
37.91205102,-122.5404041,610.2528687000001,6041126100.0
37.90071087,-122.5219881,524.6837158,6041126200.0
37.91041056,-122.55843629999998,587.8948364,6041127000.0
37.89341555,-122.54598529999998,601.645874,6041128200.0
37.85088812,-122.4862338,760.0,6041130201.0
37.86789283,-122.49654550000001,415.9565735,6041130202.0
37.92287072,-122.6786915,550.5472412,6041132100.0
37.87180425,-122.5316944,490.65600589999997,6041128100.0
37.79951286,-122.3976554,406.1240234,6075010500.0
37.79980179,-122.4067085,530.2553711,6075010600.0
37.79851436,-122.4100463,530.2553711,6075010700.0
37.79803315,-122.420549,526.1557007,6075010900.0
37.79437229,-122.4198085,526.1557007,6075011000.0
37.79074413,-122.4190763,357.1517029,6075011100.0
37.79541433,-122.40962749999998,530.2553711,6075011300.0
37.79045812,-122.4034679,524.7722168,6075011700.0
37.79047299,-122.41391429999999,357.1517029,6075011901.0
37.79099592,-122.40980640000001,357.8235168,6075011902.0
37.78796465,-122.4185196,357.1517029,6075012000.0
37.78584641,-122.4163529,357.1517029,6075012201.0
37.78541422,-122.4196435,357.1517029,6075012202.0
37.78588983,-122.41078359999999,357.8235168,6075012301.0
37.7830508,-122.4157882,413.4250793,6075012401.0
37.77926809,-122.41720749999999,413.4250793,6075012402.0
37.78180161,-122.4123748,390.07104489999995,6075012501.0
37.80226798,-122.43914850000002,365.42434689999993,6075012601.0
37.80655795,-122.43327179999999,365.42434689999993,6075012602.0
37.80383217,-122.4449363,300.27825930000006,6075012700.0
37.80196101,-122.4272486,419.80059810000006,6075012901.0
37.80061445,-122.4321075,488.51925660000006,6075012902.0
37.79724477,-122.43051399999999,529.512085,6075013000.0
37.79377636,-122.4247502,529.512085,6075013101.0
37.79366757,-122.43874450000001,488.51925660000006,6075013200.0
37.78874344,-122.4524124,492.811676,6075013300.0
37.78984894,-122.44079909999999,517.869812,6075013400.0
37.78744588,-122.42340130000001,439.0401001,6075015100.0
37.78791398,-122.4302663,439.0401001,6075015200.0
37.78676173,-122.4393346,407.9016724,6075015300.0
37.78435251,-122.45102720000001,492.811676,6075015400.0
37.77824954,-122.4564215,407.26608280000005,6075015600.0
37.7789031,-122.44799499999999,468.44931030000004,6075015700.0
37.78170525,-122.4381,468.726532,6075015801.0
37.78331906,-122.42935109999999,439.0401001,6075015900.0
37.78232994,-122.4224821,443.296051,6075016000.0
37.77998294,-122.42866310000001,443.296051,6075016100.0
37.77604529,-122.429553,443.296051,6075016300.0
37.77509953,-122.43697560000001,468.726532,6075016400.0
37.77419096,-122.44779869999999,468.44931030000004,6075016500.0
37.77049511,-122.4474565,434.62179569999995,6075016600.0
37.77106557,-122.43771799999999,377.9338989,6075016700.0
37.77353381,-122.4248942,475.54299929999996,6075016802.0
37.76708805,-122.43246409999998,377.9338989,6075016900.0
37.76488672,-122.4395867,481.08569339999997,6075017000.0
37.76538573,-122.4504567,399.56488039999994,6075017102.0
37.77943975,-122.41070309999999,390.07104489999995,6075017601.0
37.76734564,-122.41187649999999,305.76696780000003,6075017700.0
37.77606553,-122.4087021,390.07104489999995,6075017802.0
37.82014786,-122.368601,206.30519099999998,6075017902.0
37.77901596,-122.3976825,357.98904419999997,6075018000.0
37.76712047,-122.4241835,475.54299929999996,6075020200.0
37.7649232,-122.42943490000002,431.17678830000006,6075020300.0
37.75958961,-122.44347759999998,625.9690552000001,6075020401.0
37.75283545,-122.44444140000002,684.7384033,6075020402.0
37.7595551,-122.4303673,431.17678830000006,6075020600.0
37.75918304,-122.42357520000002,431.17678830000006,6075020700.0
37.75943516,-122.41914879999999,263.4144287,6075020800.0
37.75181886,-122.41841200000002,344.5058289,6075020900.0
37.7515786,-122.42284790000001,523.0685425,6075021000.0
37.75317534,-122.4381307,490.33084110000004,6075021200.0
37.74915265,-122.4364118,490.33084110000004,6075021300.0
37.7495765,-122.4294024,523.0685425,6075021400.0
37.74505070000001,-122.42668870000001,626.3169556,6075021500.0
37.74025866,-122.43936740000001,624.6849365,6075021700.0
37.73936291,-122.42642450000001,626.3169556,6075021800.0
37.75992037,-122.38630790000002,254.17922969999998,6075022600.0
37.76098423,-122.4020064,499.61322019999994,6075022704.0
37.76071882,-122.4125114,373.1520386,6075022801.0
37.75665458,-122.40577549999999,373.1520386,6075022802.0
37.751197600000005,-122.41394440000002,344.5058289,6075022901.0
37.75134096,-122.4103787,361.03890989999996,6075022902.0
37.75176046,-122.4062449,361.03890989999996,6075022903.0
37.73265181,-122.39584170000002,300.5204163,6075023003.0
37.73444779999999,-122.3845689,276.2467346,6075023102.0
37.73168345,-122.37581370000001,379.3466492,6075023103.0
37.72766222,-122.3861433,280.744812,6075023200.0
37.72543582,-122.3977581,422.78530880000005,6075023300.0
37.7439132,-122.40766809999998,604.2235718,6075025100.0
37.74362835,-122.41425840000001,395.0041199,6075025200.0
37.74385168,-122.4201298,395.0041199,6075025300.0
37.73691213,-122.4128864,407.5593262,6075025402.0
37.73387226,-122.4191855,514.4759521000001,6075025403.0
37.72745552,-122.4369965,513.338562,6075025500.0
37.72875246,-122.4223949,580.5245361000001,6075025600.0
37.73171227,-122.4120162,407.5593262,6075025701.0
37.72161393,-122.4019963,422.78530880000005,6075025800.0
37.72341569,-122.4108335,476.0089416999999,6075025900.0
37.72356491,-122.4322381,513.338562,6075026001.0
37.71960306,-122.4288709,444.59851069999996,6075026003.0
37.71788348,-122.4356877,490.0839233,6075026004.0
37.71962311,-122.4431456,492.7510681,6075026100.0
37.71286275,-122.45001429999999,501.30941770000004,6075026200.0
37.71385372,-122.43952879999999,490.0839233,6075026301.0
37.71167364,-122.43077269999999,444.59851069999996,6075026302.0
37.71308371,-122.4135473,429.0215149,6075026401.0
37.71636309,-122.4030264,428.7642517,6075026402.0
37.70967703,-122.4154288,538.3035888999999,6075026404.0
37.76426171,-122.45967639999999,510.10501100000005,6075030101.0
37.75833546,-122.4569258,584.5203247000001,6075030102.0
37.76280325,-122.47377209999999,491.44229129999997,6075030201.0
37.75697194,-122.46925130000001,491.44229129999997,6075030301.0
37.75244814,-122.47346200000001,520.3790893999999,6075030302.0
37.74624764,-122.4673745,486.66952510000004,6075030400.0
37.75177291,-122.45263529999998,558.1115722999999,6075030500.0
37.73744923,-122.450313,534.7506714,6075030700.0
37.73915479,-122.4679236,486.66952510000004,6075030800.0
37.72824501,-122.4683354,412.64428710000004,6075030900.0
37.7286556,-122.45720349999999,319.05471800000004,6075031000.0
37.72961086,-122.44617509999999,739.7731934,6075031100.0
37.71891757,-122.453538,501.30941770000004,6075031202.0
37.719781899999994,-122.4674485,554.0467529,6075031301.0
37.71333102,-122.46711670000002,499.62799069999994,6075031302.0
37.71469678,-122.457324,501.30941770000004,6075031400.0
37.75774952,-122.481728,382.1045837,6075032602.0
37.76016370000001,-122.49116240000001,418.9690857,6075032700.0
37.68756748,-122.4120686,382.1280212,6081600100.0
37.70445516,-122.41572120000001,538.3035888999999,6081600200.0
37.70217751,-122.4318115,517.5448608,6081600300.0
37.70519473,-122.452924,388.8518982,6081600402.0
37.69705886,-122.45691969999999,353.71896360000005,6081600500.0
37.69747636,-122.4665331,565.8382568,6081600600.0
37.705211,-122.46407350000001,440.0552063,6081600700.0
37.70469317,-122.4879855,494.0077515,6081600900.0
37.67844783,-122.4926532,652.5372925,6081601000.0
37.69426718,-122.49164329999999,421.55746460000006,6081601100.0
37.69075968,-122.479743,463.8834839,6081601200.0
37.68784082,-122.46548259999999,443.2516785,6081601300.0
37.67225085,-122.484885,476.3862,6081601501.0
37.66935459,-122.4783321,476.3862,6081601502.0
37.67826763,-122.4496455,496.1762085,6081601601.0
37.65558537,-122.4608407,548.6862183,6081601603.0
37.66960039,-122.4691926,494.9790039,6081601604.0
37.66296216,-122.4559378,427.15866090000003,6081601700.0
37.65534516,-122.44599740000001,491.59857180000006,6081601800.0
37.66592093,-122.43411429999999,416.8858948,6081601901.0
37.66076978,-122.4376294,416.8858948,6081601902.0
37.66785933,-122.42037079999999,760.0,6081602000.0
37.65607629,-122.41861499999999,521.0265503,6081602200.0
37.65154268,-122.39870249999998,258.4577026,6081602300.0
37.64445014,-122.4358165,399.1471252,6081602400.0
37.64627892,-122.4610869,490.4198608,6081602600.0
37.64863554,-122.4751588,473.42443849999995,6081602700.0
37.65953476,-122.48387240000001,372.6443176,6081602800.0
37.652067100000004,-122.4894962,552.0617676,6081602900.0
37.63617699,-122.48395829999998,735.3914795,6081603000.0
37.61596133,-122.4818982,639.0635986000001,6081603100.0
37.58756379,-122.5042712,760.0,6081603200.0
37.58095745,-122.485725,559.1188965,6081603300.0
37.59464462,-122.46257859999999,668.8936767999999,6081603400.0
37.62105565,-122.43586200000001,541.9119262999999,6081603802.0
37.61592051,-122.41622350000002,442.60681150000005,6081603900.0
37.6234994,-122.41000490000002,180.0,6081604101.0
37.63315165,-122.4256787,397.6939087,6081604102.0
37.62739988,-122.4061544,180.0,6081604200.0
37.60497514,-122.39051840000002,302.8857422,6081604400.0
37.60030923,-122.41817079999998,655.7026977999999,6081604600.0
37.59366666,-122.40683359999998,714.0626831000001,6081604700.0
37.599524100000004,-122.3978345,395.0099182,6081604800.0
37.58927042,-122.3982571,581.5976562999999,6081604900.0
37.58165725,-122.38975729999999,605.2086182,6081605000.0
37.58341953,-122.37652779999999,443.4577637,6081605200.0
37.58205106,-122.36183170000001,393.3514709,6081605300.0
37.73221444,-122.48717020000001,419.84869380000004,6075033100.0
37.72629835,-122.4798187,412.54235839999996,6075033201.0
37.72000955,-122.48247350000001,460.9230956999999,6075033204.0
37.75762087,-122.4991405,417.0916443,6075035100.0
37.75457275,-122.5064968,365.38024900000005,6075035201.0
37.74248762,-122.4978428,390.86010739999995,6075035300.0
37.74237458,-122.5050103,375.579834,6075035400.0
37.78513246,-122.4618121,368.027832,6075040100.0
37.78431414,-122.46839440000001,388.25238039999994,6075040200.0
37.78335217,-122.4754827,388.25238039999994,6075042602.0
37.78181611,-122.4885765,413.134552,6075042700.0
37.78672243,-122.4882062,392.90939330000003,6075042800.0
37.77709768,-122.4679898,348.172821,6075045200.0
37.77674363,-122.47554450000001,348.172821,6075047600.0
37.77446035,-122.4837892,339.1340332,6075047702.0
37.77583847,-122.4921138,413.134552,6075047801.0
37.77964209,-122.4945763,360.6858826,6075047802.0
37.77436892,-122.50629850000001,549.3421631,6075047901.0
37.79760666,-122.46674109999998,555.9495239,6075060100.0
37.71939239,-122.4934241,334.6863403,6075060400.0
37.71098731,-122.42004309999999,538.3035888999999,6075060502.0
37.77232252,-122.391977,257.1238708,6075060700.0
37.79559875,-122.4040647,406.1240234,6075061100.0
37.73680899,-122.3908985,336.0744324,6075061200.0
37.755067600000004,-122.3974415,415.5446167,6075061400.0
37.78723856,-122.3932149,418.24023439999996,6075061500.0
37.78452688,-122.50119199999999,484.4060669,6075980200.0
37.76906656,-122.48127779999999,388.8655701,6075980300.0
37.71798015,-122.4185918,429.0215149,6075980501.0
37.72418474,-122.3688991,380.47729489999995,6075980600.0
37.74567444,-122.38161880000001,377.5569153,6075980900.0
38.26539706,-122.6400216,278.23187260000003,6097150610.0
38.23604418,-122.5876435,305.38519289999994,6097150611.0
38.21869427,-122.5460949,463.28805539999996,6097150612.0
38.23348199,-122.6296251,227.4554443,6097150701.0
38.20107122,-122.62585849999999,519.6737061000001,6097150702.0
38.19949735,-122.6714225,440.03405760000004,6097150800.0
38.244345,-122.6532597,387.1492615,6097150902.0
38.25766608,-122.67984979999999,314.1198425,6097151000.0
38.26456155,-122.7528331,311.77072139999996,6097151100.0
38.301334600000004,-122.6944445,516.0745239,6097151201.0
38.32228939,-122.69345530000001,232.5920258,6097151203.0
38.31842796,-122.7071605,385.2893982,6097151204.0
38.34336077,-122.706701,227.710495,6097151305.0
38.34714264,-122.69329009999998,196.2343292,6097151306.0
38.3562747,-122.6997932,250.0355377,6097151308.0
38.34350635,-122.6286135,503.88806150000005,6097151309.0
38.32599494,-122.67685690000002,283.1204224,6097151311.0
38.40822499,-122.68748149999999,686.9280396,6097151401.0
38.397847,-122.70584550000001,310.3919983,6097151402.0
38.37502435,-122.640051,349.8672791,6097151502.0
38.41342687,-122.63868899999999,675.6085815,6097151503.0
38.46260464,-122.5618281,760.0,6097151601.0
38.42120559,-122.59875190000001,706.3989257999999,6097151602.0
38.45107301,-122.6657328,369.45126339999996,6097151700.0
38.37048731,-122.6996788,208.7877808,6097151307.0
38.44272243,-122.6913162,260.68435669999997,6097151800.0
38.44161969,-122.71331950000001,252.11880490000001,6097152000.0
38.45919649,-122.7228413,258.578949,6097152100.0
38.45708719,-122.71280420000001,369.55514530000005,6097152201.0
38.46715284,-122.67521289999999,504.57080080000003,6097152202.0
38.44830086,-122.7069759,241.61378480000002,6097152203.0
38.46008319,-122.69909890000001,578.3339232999999,6097152300.0
38.48573443,-122.7072344,563.8362427000001,6097152400.0
38.46565138,-122.65671940000001,351.0125427,6097152501.0
38.522490000000005,-122.6391622,716.12146,6097152600.0
38.5290265,-122.7469064,348.25250239999997,6097152701.0
38.50432414,-122.79127,241.9654236,6097152702.0
37.34987019,-121.90217679999999,239.40748599999998,6085500200.0
37.33960948,-121.9079916,261.4740601,6085500300.0
37.33178476,-121.927283,254.92452999999998,6085500500.0
37.33342513,-121.9145517,228.33422850000002,6085500600.0
37.33040666,-121.8954267,239.3975525,6085500800.0
37.34166058,-121.8881413,281.2208252,6085501000.0
37.34887425,-121.891457,227.1910095,6085501101.0
37.35404876,-121.88121509999998,230.94030759999998,6085501102.0
38.48288436,-122.7504256,231.01890559999998,6097152801.0
38.46515179,-122.73564350000001,242.2606659,6097152802.0
38.46117103,-122.76071759999999,268.0612488,6097152904.0
38.470209999999994,-122.75935849999999,201.3546143,6097152905.0
38.47198477,-122.79968229999999,297.6994324,6097152906.0
38.45090774,-122.7366936,252.1258087,6097153001.0
38.44111641,-122.73287920000001,242.2520142,6097153002.0
38.4340223,-122.7380943,244.1132965,6097153003.0
38.43347605,-122.8012202,218.12644959999997,6097153005.0
38.42011239,-122.7216868,270.5984497,6097153102.0
38.419813,-122.7341788,265.2301331,6097153103.0
38.42989923,-122.7217445,242.2462463,6097153104.0
38.38804156,-122.7283808,206.37677,6097153200.0
38.39542438,-122.76702320000001,201.3546143,6097153300.0
38.41297328,-122.84237399999999,331.76593019999996,6097153401.0
38.380646399999996,-122.79966409999999,305.9642639,6097153403.0
37.35624759,-121.9984077,272.5056763,6085508507.0
37.36128297,-122.00212590000001,254.7684631,6085508508.0
37.37589429,-122.04100430000001,313.7190247,6085508601.0
37.37277348,-122.02890459999999,291.3243408,6085508602.0
37.36978848,-122.01102079999998,299.76977539999996,6085508703.0
37.38002433,-122.00477579999999,260.5112305,6085508704.0
37.39103817,-122.00634299999999,244.86878969999998,6085508900.0
37.39140904,-122.0385453,303.24224849999996,6085509102.0
37.37875595,-122.0625426,280.6190796,6085509105.0
37.37860459,-122.0504639,296.29632569999995,6085509106.0
37.33873465,-121.8745555,257.8112488,6085501300.0
37.35159718,-121.8696919,218.2579498,6085501401.0
37.34539343,-121.8663709,218.2579498,6085501402.0
37.34172874,-121.85831529999999,230.9390411,6085501501.0
37.32946369,-121.8750602,214.84442140000002,6085501600.0
37.32330927,-121.88644309999998,263.3848877,6085501700.0
37.31635429,-121.8971767,254.92439269999997,6085501800.0
37.31910382,-121.90878000000001,294.1036682,6085501900.0
37.32338605,-121.9317775,231.97383119999998,6085502001.0
37.31996874,-121.9182705,244.861908,6085502002.0
37.31027587,-121.9254506,286.67868039999996,6085502102.0
37.30480559,-121.92059950000001,243.6326599,6085502201.0
37.29808614,-121.9207057,243.6326599,6085502202.0
37.29946642,-121.90953780000001,286.1340637,6085502301.0
37.30827115,-121.908419,258.2286682,6085502302.0
37.30476444,-121.89261540000001,259.6832581,6085502400.0
37.29023602,-121.91473529999999,263.3828125,6085502601.0
37.28757632,-121.9272744,266.4267883,6085502603.0
37.28399813,-121.9370154,291.227417,6085502604.0
37.27084797,-121.9378726,272.4935913,6085502701.0
37.25818524,-121.94261850000001,306.30017089999996,6085502702.0
37.27145052,-121.92710749999999,267.6066284,6085502901.0
37.27361111,-121.9156764,259.5011292,6085502902.0
38.34400528,-122.79315449999999,436.0248108,6097153501.0
38.34655473,-122.878543,545.5881958,6097153502.0
38.42058796,-122.8881877,530.2561035,6097153600.0
38.474069899999996,-123.00892079999998,680.5948486000001,6097153703.0
38.53093611,-123.006377,527.0672607,6097153704.0
38.52207451,-122.9374653,760.0,6097153705.0
38.45909495,-122.89980600000001,514.8466187,6097153706.0
37.40037985,-122.0569494,272.511322,6085509108.0
37.39153787,-122.05979109999998,301.04675289999994,6085509109.0
37.40593715,-122.0838861,254.9261169,6085509202.0
37.40923779,-122.1005939,272.512146,6085509302.0
37.40603375,-122.09227790000001,278.6824341,6085509303.0
37.41744523,-122.0952047,225.3322296,6085509304.0
37.407019399999996,-122.11448130000001,302.93765260000004,6085509401.0
37.40186641,-122.1055513,297.6832275,6085509404.0
37.3944365,-122.0896588,310.3761292,6085509500.0
37.39081755,-122.08046019999999,284.9288635,6085509600.0
37.37745099,-122.0894805,322.3636475,6085509801.0
37.37872841,-122.08240390000002,322.3636475,6085509802.0
37.36956284,-122.08636709999999,306.2230835,6085509901.0
37.37014971,-122.0719788,316.73071289999996,6085509902.0
37.35921426,-122.08720500000001,306.223053,6085510001.0
37.340818799999994,-122.07998119999999,413.342865,6085510100.0
37.37192534,-122.1017656,340.25756839999997,6085510200.0
37.37750156,-122.1116044,391.467926,6085510300.0
37.39202563,-122.1096425,334.8249207,6085510400.0
37.39273048,-122.1200855,317.7727966,6085510500.0
37.41857875,-122.12887350000001,230.9445496,6085510700.0
37.42706285,-122.1097962,191.3621674,6085510801.0
37.42055066,-122.11840900000001,249.30909730000002,6085510803.0
37.42767187,-122.1296537,227.2146606,6085510900.0
37.44581776,-122.13249979999999,191.36642460000002,6085511100.0
37.45110755,-122.14704409999999,217.76770019999998,6085511200.0
37.27796086,-121.90505590000001,266.4920654,6085502903.0
37.24782147,-121.9014179,301.74975589999997,6085502906.0
37.25936862,-121.9088452,269.7485657,6085502908.0
37.25648027,-121.88748149999999,294.0929565,6085502909.0
37.24981203,-121.8853865,270.4324646,6085502910.0
37.28406774,-121.89195579999999,259.6779175,6085503001.0
37.27685257,-121.8873054,243.6223602,6085503002.0
37.32628701,-121.85879369999999,254.92452999999998,6085503105.0
37.283494399999995,-121.8737531,578.6793213,6085503108.0
37.32266547,-121.8397442,268.0431213,6085503111.0
37.32232365,-121.8709841,210.88478089999998,6085503112.0
37.31573078,-121.88082250000001,290.8805847,6085503113.0
37.28912414,-121.8576074,519.4330444,6085503115.0
37.32737198,-121.8515525,196.0491791,6085503117.0
37.31864783,-121.84295719999999,268.0431213,6085503118.0
37.30615558,-121.87252930000001,263.3836365,6085503121.0
37.30914632,-121.857079,257.79040530000003,6085503122.0
37.28923568,-121.8392263,296.26565550000004,6085503204.0
37.29464654,-121.8154744,267.78546140000003,6085503207.0
37.28067611,-121.8155166,226.99742129999998,6085503208.0
37.29037741,-121.82287790000001,257.16693119999996,6085503210.0
37.30455081,-121.8235185,265.4020081,6085503212.0
37.3057315,-121.841885,266.1352539,6085503213.0
37.299190100000004,-121.84797739999999,286.1340637,6085503214.0
37.28665329,-121.8302496,206.23971559999998,6085503217.0
37.31266931,-121.8211502,260.4993591,6085503304.0
37.31992821,-121.81472859999998,251.50930789999998,6085503305.0
38.52918587,-122.8432111,384.4178162,6097153801.0
38.57913574,-122.73646399999998,532.9325562,6097153807.0
38.54269691,-122.8080743,276.6591797,6097153808.0
38.5331443,-122.7812854,260.3351135,6097153809.0
38.61294114,-122.8220898,740.6657104,6097153901.0
38.60663142,-122.86391100000002,241.9681702,6097153902.0
38.72996091,-122.8223871,760.0,6097154100.0
38.83457536,-123.02400349999999,449.2825012,6097154201.0
38.78007194,-123.09890990000001,390.7156372,6097154202.0
37.44806855,-122.16225060000001,243.6921997,6085511302.0
37.41453648,-122.15862,420.59594730000003,6085511500.0
37.42722192,-122.1784855,313.743988,6085511608.0
37.43848453,-122.17442759999999,248.40740970000002,6085511609.0
37.37829694,-122.1318844,438.0715637,6085511701.0
37.36121212,-122.14096380000001,409.0166016,6085511704.0
37.40098819,-122.16399299999999,497.97985839999996,6085511705.0
37.15999215,-121.9229432,760.0,6085511800.0
37.21475786,-121.85851940000002,308.452301,6085511905.0
37.21969986,-121.8541626,541.6939087000001,6085511907.0
37.19251542,-121.85788500000001,760.0,6085511909.0
37.21301543,-121.86947659999998,308.452301,6085511910.0
37.33143277,-121.8221611,261.6183167,6085503306.0
37.34884138,-121.76298259999999,723.0158691,6085503312.0
37.33129255,-121.7765499,506.459137,6085503313.0
37.33264841,-121.8066633,300.2154236,6085503321.0
37.34016033,-121.79689350000001,408.9853516,6085503322.0
37.32763986,-121.78929509999999,364.56002810000007,6085503324.0
37.32071762,-121.7888893,315.1498413,6085503325.0
37.32489896,-121.7642237,760.0,6085503326.0
37.3086296,-121.78662549999999,377.2750244,6085503327.0
37.30902658,-121.739799,760.0,6085503330.0
37.29490066,-121.7588482,428.12231449999996,6085503331.0
37.28155846,-121.7383975,630.8742676,6085503332.0
37.30107199,-121.7886179,389.82833860000005,6085503333.0
37.27916591,-121.76892659999999,465.25311280000005,6085503334.0
37.30100066,-121.8099287,314.6596375,6085503337.0
37.33307794,-121.8400196,239.3975525,6085503401.0
37.32330007,-121.8315145,230.9377747,6085503402.0
37.34365464,-121.82723429999999,266.545166,6085503506.0
37.35452514,-121.8114297,477.3295593,6085503508.0
37.35009438,-121.8011325,430.40939330000003,6085503509.0
37.34946281,-121.8196554,296.17974849999996,6085503510.0
37.34261203,-121.8140596,265.4170837,6085503511.0
37.36453444,-121.86203789999999,294.02709960000004,6085503709.0
37.35468925,-121.8470028,287.44375610000003,6085503710.0
38.36477682,-122.98377420000001,533.980957,6097154302.0
37.44314243,-122.15334740000002,283.2697144,6085511301.0
37.19838103,-121.8101085,399.4461365,6085511911.0
37.22761812,-121.89112240000001,377.2825623,6085511913.0
37.23057073,-121.87704779999999,299.67984010000004,6085511914.0
37.24468312,-121.881996,276.1676636,6085511915.0
37.23677542,-121.8966693,336.2373962,6085511916.0
37.25692868,-121.76833159999998,758.6293945,6085512001.0
37.27310785,-121.8167842,338.5171204,6085512017.0
37.27077546,-121.84580859999998,227.16746519999998,6085512019.0
37.263891,-121.82389009999999,369.4515076,6085512021.0
37.25524001,-121.8108436,214.84442140000002,6085512022.0
37.25505028,-121.82436470000002,217.6991119,6085512023.0
37.26040382,-121.86705990000002,274.625824,6085512024.0
37.26072694,-121.85233899999999,250.89262390000002,6085512025.0
37.25290261,-121.85878729999999,249.40608219999996,6085512027.0
37.24764323,-121.81594390000001,227.1620483,6085512029.0
37.23251611,-121.8243307,558.2822266,6085512030.0
37.23151779,-121.81027749999998,383.6061401,6085512031.0
37.23248391,-121.7816475,243.6017761,6085512032.0
37.34986017,-121.8445267,218.2579498,6085503711.0
37.36471256,-121.84107220000001,332.50827030000005,6085503713.0
37.38428188,-121.83549,335.1416016,6085503802.0
37.38364452,-121.8496119,299.7851257,6085503803.0
37.37586502,-121.84488710000001,339.84613039999994,6085503804.0
37.37354337,-121.8283228,434.91009519999994,6085503902.0
37.35861296,-121.8272462,296.18615719999997,6085504001.0
37.35470939,-121.834134,288.02679439999997,6085504002.0
37.36933256,-121.82042040000002,437.9138489,6085504101.0
37.36408148,-121.814982,437.9138489,6085504102.0
37.38459803,-121.8210739,559.8980102999999,6085504201.0
37.37635992,-121.7921528,617.4732056,6085504202.0
37.41185934,-121.82017320000001,744.0469971,6085504308.0
37.37756826,-121.8847111,261.06320189999997,6085504311.0
37.40178111,-121.85489369999999,391.28979489999995,6085504314.0
37.40933408,-121.8596692,366.3040161,6085504315.0
37.38286736,-121.8767271,282.9145813,6085504317.0
37.37019842,-121.891745,261.06320189999997,6085504318.0
37.373616299999995,-121.8673264,315.8675537,6085504319.0
37.2388446,-121.796466,282.77087400000005,6085512033.0
37.22363638,-121.76161780000001,411.1669617,6085512035.0
37.24109216,-121.82452099999999,243.60691830000002,6085512037.0
37.23494133,-121.76210829999998,316.73071289999996,6085512038.0
37.24890881,-121.7863959,210.85337830000003,6085512039.0
37.26613079,-121.81448470000001,311.6006165,6085512042.0
37.23853327,-121.8351828,208.2646332,6085512045.0
37.24108866,-121.8444899,208.2646332,6085512047.0
37.246481200000005,-121.86513020000001,249.40608219999996,6085512052.0
37.24360969,-121.85352590000001,302.9715271,6085512053.0
37.17634939,-121.72580970000001,328.852356,6085512100.0
37.13395299,-121.68947250000001,386.3175354,6085512305.0
37.09972729,-121.6366993,251.3908539,6085512307.0
37.15224882,-121.6255914,284.90258789999996,6085512308.0
37.11775768,-121.6323205,254.72431949999998,6085512310.0
37.14959208,-121.6599834,225.14636230000002,6085512311.0
37.11595153,-121.6532452,407.53927610000005,6085512313.0
37.12837493,-121.66321809999998,287.2323914,6085512314.0
37.06651166,-121.63396829999999,548.8280029,6085512401.0
37.39301406,-121.86512649999999,308.0896912,6085504321.0
37.39435263,-121.89293870000002,283.21340939999993,6085504322.0
37.39875735,-121.88105700000001,277.4777222,6085504323.0
37.41606812,-121.8648715,738.0255127,6085504411.0
37.43947619,-121.8817443,365.54235839999996,6085504412.0
37.44032076,-121.89662299999999,251.569046,6085504414.0
37.42551893,-121.86604950000002,398.6755066,6085504415.0
37.41994978,-121.87569599999999,331.9333191,6085504416.0
37.43364538,-121.84707409999999,555.4727783,6085504417.0
37.46049031,-121.86899790000001,760.0,6085504420.0
37.45132846,-121.9010422,442.7401733,6085504421.0
37.43361455,-121.87076909999999,568.9943237000001,6085504423.0
37.4216158,-121.89643659999999,271.76358030000006,6085504504.0
37.40906615,-121.90224950000001,206.2547607,6085504505.0
37.45031464,-121.9162182,217.7654724,6085504506.0
37.43569698,-121.91290890000002,239.4540405,6085504507.0
37.44454695,-122.0860195,180.0,6085504601.0
37.43875656,-121.99176059999999,180.0,6085504602.0
37.40038905,-121.99117,253.99816890000002,6085504802.0
37.40100967,-122.01956979999999,238.13301090000002,6085504803.0
37.40314347,-122.0035284,217.74992369999998,6085504805.0
37.39616622,-121.9508257,241.9338837,6085504901.0
37.40027108,-121.971181,201.3546143,6085505001.0
37.09608607,-121.5717717,540.1634521000001,6085512402.0
37.02982838,-121.62397240000001,279.3527527,6085512503.0
37.02301408,-121.5817994,187.8648071,6085512506.0
36.98780088,-121.57139690000001,261.4109497,6085512509.0
36.97043173,-121.586321,760.0,6085512510.0
37.00001694,-121.52095,243.5072784,6085512602.0
37.00175546,-121.5627105,249.79898070000002,6085512603.0
37.4288838,-122.16183170000001,259.59796140000003,6085513000.0
37.39337017,-121.9210496,267.841095,6085505006.0
37.38518413,-121.9480342,217.74327090000003,6085505007.0
37.40542516,-121.9438244,214.84442140000002,6085505008.0
37.41506674,-121.945546,196.0657959,6085505009.0
37.36290603,-121.92401370000002,274.8688965,6085505100.0
37.37704077,-121.97343329999998,227.1982727,6085505202.0
37.36720772,-121.98085729999998,206.2494812,6085505301.0
37.35827275,-121.96390659999999,261.47436519999997,6085505303.0
37.35937977,-121.9813719,267.4625549,6085505304.0
37.35910729,-121.9905588,285.7028503,6085505305.0
37.346113700000004,-121.97349569999999,261.0523071,6085505402.0
37.34182047,-121.9862074,286.1451721,6085505403.0
37.34715458,-121.962046,244.21293640000002,6085505500.0
37.35098017,-121.9460618,259.69577030000005,6085505600.0
37.34178133,-121.94418600000002,249.98280330000003,6085505700.0
37.33075121,-121.945282,282.0327454,6085505800.0
37.33027943,-121.9571342,254.1802673,6085505900.0
37.33417526,-121.98459109999999,286.1451721,6085506101.0
37.33139997,-121.9714389,218.25631710000002,6085506102.0
37.30109942,-121.99042639999999,286.1340637,6085506202.0
37.32071943,-121.9828205,259.6885986,6085506203.0
37.31367701,-121.98643009999999,288.0175476,6085506204.0
37.30892089,-121.9568783,244.20436099999998,6085506302.0
37.5480456,-122.3483392,540.2679443,6081605700.0
37.56803738,-122.345125,355.65563960000003,6081605800.0
37.57237347,-122.3340817,296.29629520000003,6081605900.0
37.58266804,-122.32003929999999,238.1754761,6081606100.0
37.5727187,-122.3220699,254.9293518,6081606200.0
37.56551143,-122.31405079999999,225.43040469999997,6081606300.0
37.55943479,-122.32585949999999,326.6896667,6081606400.0
37.31234632,-121.9703212,254.7889404,6085506304.0
37.30453817,-121.9716779,261.0332642,6085506305.0
37.316358,-121.94528989999999,271.71124269999996,6085506401.0
37.30157498,-121.94503200000001,287.38595580000003,6085506402.0
37.2878354,-121.942655,254.92366030000002,6085506502.0
37.28564601,-121.95475459999999,294.42965699999996,6085506503.0
37.29285105,-121.9823729,280.5932312,6085506601.0
37.28219159,-121.9693574,270.1655273,6085506603.0
37.27967798,-121.9823155,274.7915039,6085506604.0
37.29020765,-121.96878059999999,266.4276733,6085506606.0
37.27062277,-121.97929180000001,282.2532654,6085506701.0
37.27430368,-121.9625571,282.0227661,6085506702.0
37.26470591,-121.96691899999999,301.7503662,6085506703.0
37.24221664,-121.9563476,353.6907654,6085506801.0
37.24693554,-121.93630290000002,305.3630066,6085506802.0
37.23975405,-121.9402765,365.29727169999995,6085506804.0
37.2276304,-121.9321547,586.6456299,6085506900.0
37.22125328,-121.99336640000001,760.0,6085507001.0
37.55422356,-122.3293155,424.15292360000007,6081606500.0
37.54044628,-122.3235711,576.5166016,6081606700.0
37.52948003,-122.33777140000001,528.7357787999999,6081606800.0
37.52014418,-122.34579479999998,476.9893494,6081606900.0
37.52610299,-122.32215249999999,432.05755619999996,6081607000.0
37.53327,-122.29762109999999,391.6402893,6081607200.0
37.53418158,-122.3119383,369.9102783,6081607300.0
37.54303314,-122.3078105,293.2084045,6081607400.0
37.54668342,-122.29970530000001,259.75326540000003,6081607500.0
37.570992499999996,-122.30348459999999,274.72451780000006,6081607701.0
37.56499179,-122.30275870000001,287.8251648,6081607702.0
37.560894399999995,-122.2948706,254.92922969999998,6081607800.0
37.55990132,-122.286928,208.4119415,6081607900.0
37.54891575,-122.26727079999999,250.09666439999998,6081608002.0
37.56139351,-122.2751915,206.2737122,6081608004.0
37.53743507,-122.26404950000001,230.95224,6081608013.0
37.54104078,-122.273348,230.9531097,6081608023.0
37.5567359,-122.25028119999999,191.39060969999997,6081608300.0
37.54608208,-122.28479740000002,214.84442140000002,6081608400.0
37.537423600000004,-122.28887730000001,254.8602753,6081608501.0
37.5270346,-122.27372779999999,210.971756,6081608600.0
37.52080903,-122.2884417,503.9612122,6081608700.0
37.20793131,-121.95068549999999,760.0,6085507002.0
37.23626383,-121.9751122,370.1962585,6085507100.0
37.25752412,-121.9811541,432.170105,6085507205.0
37.24359348,-121.98588500000001,399.8106995,6085507206.0
37.25906266,-122.00788840000001,359.92202760000004,6085507301.0
37.23828684,-122.0291959,760.0,6085507302.0
37.28825182,-122.0182811,360.4032898,6085507401.0
37.28190876,-121.9995038,276.15554810000003,6085507402.0
37.271218100000006,-122.0526525,691.335144,6085507600.0
37.31917152,-122.04819450000001,365.0196533,6085507701.0
37.29895492,-122.059836,581.2141723999999,6085507702.0
37.31353515,-122.07584809999999,586.7631226,6085507703.0
37.33330128,-122.0523659,343.26342769999997,6085507805.0
37.30231109,-122.03790819999999,395.3399048,6085507808.0
37.30260398,-122.0101821,305.4244995,6085507903.0
37.30186195,-122.00190559999999,294.1004639,6085507904.0
37.30264217,-122.028101,334.4052734,6085507905.0
37.31664607,-122.02265929999999,261.04141239999996,6085508001.0
37.31706489,-122.0102658,306.49111939999995,6085508003.0
38.11655208,-122.2219192,428.4810181,6095250103.0
38.113949600000005,-122.20821480000001,513.6442261,6095250104.0
38.12955348,-122.214216,525.5614013999999,6095250105.0
38.13368223,-122.1874439,520.0927124,6095250106.0
38.10493141,-122.22357749999999,360.47702030000005,6095250300.0
38.09496579,-122.2239232,412.5597534,6095250400.0
38.09297539999999,-122.2113338,396.2093506,6095250501.0
38.09107582,-122.2022888,359.6889343,6095250502.0
38.07044376,-122.2180665,544.5441894999999,6095250604.0
38.07042336,-122.20335690000002,514.2283936000001,6095250605.0
38.09139977,-122.24686399999999,274.1036682,6095250701.0
38.13575848,-122.3163355,187.8648071,6095250801.0
38.10153359,-122.25979469999999,294.4385986,6095250900.0
37.51658216,-122.31099569999999,535.3460693,6081608800.0
37.50459924,-122.31028559999999,534.1799316,6081608900.0
37.51455611,-122.274123,502.29382319999996,6081609000.0
37.51019767,-122.25549,208.3862762,6081609100.0
37.50783121,-122.26597029999999,514.6524048,6081609202.0
37.49477671,-122.2630693,579.4490356000001,6081609400.0
37.50488206,-122.2775763,665.3353271000001,6081609500.0
37.49517272,-122.28356480000001,609.7322387999999,6081609601.0
37.47965524,-122.29150630000001,539.6378174,6081609603.0
37.46537592,-122.27447959999999,665.7824707000001,6081609700.0
37.47213188,-122.25314709999999,436.7991943,6081609800.0
37.48010392,-122.24779679999999,275.9506836,6081609900.0
37.48461355,-122.2411804,284.1772461,6081610000.0
37.485029299999994,-122.2189358,227.1287537,6081610201.0
37.48804102,-122.22845149999999,238.1541901,6081610202.0
37.47974516,-122.2235438,227.1287537,6081610203.0
37.51171872,-122.21073390000002,208.3862762,6081610302.0
37.54096157,-122.2397764,248.4099884,6081610303.0
37.31638292,-122.0012574,272.500824,6085508004.0
37.33034692,-122.00486540000001,290.88812260000003,6085508102.0
37.34493292,-122.00496640000001,276.1690979,6085508202.0
37.34507657,-122.0268375,310.17468260000004,6085508203.0
37.34458078,-122.0178825,303.03900150000004,6085508204.0
37.34487472,-122.0571203,301.551239,6085508301.0
37.34481674,-122.03697220000001,303.2391663,6085508304.0
37.36270081,-122.0562281,296.1893921,6085508401.0
38.0969841,-122.2365408,227.41169739999998,6095251100.0
38.10528782,-122.23653090000002,306.0277405,6095251200.0
38.11472926,-122.23573799999998,397.6907043,6095251300.0
38.12371148,-122.2395093,431.7993164,6095251400.0
38.10831272,-122.2592918,440.96374510000004,6095251600.0
38.11604859,-122.2669703,462.3998718,6095251701.0
38.12823616,-122.2566265,292.3778992,6095251802.0
38.13853863,-122.26622809999999,246.90634159999996,6095251803.0
38.14971178,-122.2766861,244.9463806,6095251804.0
38.13575895,-122.23687439999999,404.82037349999996,6095251901.0
38.14871682,-122.22659990000001,547.041687,6095251903.0
38.05477496,-122.173538,412.1517029,6095252000.0
38.08755023,-122.10646979999999,357.02890010000004,6095252102.0
38.10474517,-122.19481770000002,646.5986937999999,6095252103.0
38.09293611,-122.16664469999999,582.7331542999999,6095252104.0
38.07265966,-122.1732557,471.94882199999995,6095252106.0
38.06967773,-122.154113,498.51153560000006,6095252107.0
38.0608377,-122.16306709999999,524.9933472,6095252108.0
38.25407883,-122.166098,344.72995,6095252201.0
37.52882488,-122.2555341,257.93695069999995,6081610304.0
37.47967020000001,-122.20434579999998,240.897995,6081610500.0
37.47451815,-122.1975564,274.6287537,6081610602.0
37.46982592,-122.2190562,274.6287537,6081610700.0
37.47013961,-122.2259374,269.761322,6081610800.0
37.47657109,-122.23190790000001,269.761322,6081610900.0
37.46638925,-122.233695,261.4762268,6081611000.0
37.45762547,-122.2527298,579.2692871,6081611100.0
37.45235401,-122.22531770000002,305.3526917,6081611300.0
37.44761724,-122.21163870000001,282.6360474,6081611400.0
37.46769049,-122.1773398,280.6490784,6081611500.0
37.4900675,-122.1573872,180.0,6081611700.0
37.48206362,-122.1324933,228.33422850000002,6081611800.0
37.46450926,-122.1291129,249.5278168,6081611900.0
37.46805892,-122.1465564,241.93592830000003,6081612000.0
37.45573369,-122.1778642,246.6371765,6081612500.0
37.44916858,-122.18166140000001,304.48138430000006,6081612600.0
37.44396984,-122.18879409999998,304.48138430000006,6081612700.0
37.43647961,-122.19234490000001,271.9824524,6081612800.0
37.43298444,-122.2042115,300.8479614,6081612900.0
38.16485148,-122.1441688,666.0227051,6095252202.0
38.21862562,-122.0995253,206.3552856,6095252305.0
38.297664700000006,-122.0901882,286.1163025,6095252310.0
38.29491793,-122.04909750000002,454.7597046,6095252311.0
38.30450745,-122.0242628,556.387085,6095252313.0
38.27700389,-122.03587859999999,274.6402588,6095252314.0
38.2841209,-122.01497990000001,268.0583801,6095252315.0
38.25341189,-122.0580605,244.9575653,6095252401.0
38.22501849,-122.06767479999999,298.52044680000006,6095252402.0
38.25447099,-122.04156499999999,266.5683289,6095252501.0
38.26422429,-122.0512408,327.5225525,6095252604.0
38.26555703,-122.03967320000001,244.95889280000003,6095252605.0
38.26552566,-122.02957169999999,259.9655457,6095252606.0
38.25433071,-122.0298392,276.22369380000004,6095252607.0
38.2700218,-122.0063507,191.5576782,6095252610.0
38.26389262,-122.0140324,261.490509,6095252611.0
38.14521493,-121.9826486,211.2382965,6095252702.0
37.37422925,-122.2165193,542.9067993,6081613200.0
37.44033826,-122.24877190000001,377.4340515,6081613300.0
37.41762183,-122.27886219999999,760.0,6081613400.0
37.53175653,-122.40568049999999,608.7981567,6081613501.0
37.52090532,-122.46698359999999,760.0,6081613502.0
37.54061877,-122.49794059999999,661.2532959,6081613600.0
37.44827895,-122.3740504,500.37313839999996,6081613700.0
37.62150309,-122.3823658,254.11213680000003,6081984300.0
38.24857824,-122.02725490000002,232.54089359999998,6095252703.0
38.24787295,-121.9976017,231.0022125,6095252705.0
38.25659572,-121.9801145,307.9885559,6095252706.0
38.26023415,-122.0004942,269.8104248,6095252707.0
38.27972874,-121.9451243,288.3385925,6095252801.0
38.43818313,-122.032707,499.12258909999997,6095252903.0
38.40344517,-121.9325777,249.5143585,6095252904.0
38.34244406,-121.956892,320.1215515,6095252908.0
38.34439756,-121.92319029999999,191.57545469999997,6095252909.0
38.37041081,-121.94613249999999,218.1030273,6095252911.0
38.35723929,-121.94435559999998,260.21151729999997,6095252912.0
38.32586869,-121.96553610000001,244.0669556,6095252913.0
38.33234269,-121.94287879999999,244.96617129999998,6095252914.0
38.31818814,-121.93029299999999,275.73132319999996,6095252915.0
38.35051,-122.00629340000002,315.9030151,6095253101.0
38.35391422,-121.9670687,287.29684449999996,6095253105.0
38.3417247,-121.9660258,228.33422850000002,6095253106.0
38.34212699,-121.97905060000001,298.6493225,6095253107.0
37.42126756,-122.2056117,423.1654663,6081613000.0
38.32984868,-122.0011105,652.3870239,6095253108.0
38.37032754,-122.0115166,286.4902039,6095253201.0
38.37823766,-121.98575190000001,609.2528076,6095253204.0
38.37382195,-121.9725912,260.2242432,6095253205.0
38.39613273,-121.97291329999999,267.379303,6095253206.0
38.41704453,-121.75706629999999,218.3544617,6095253300.0
38.43685788,-121.8471147,232.6592255,6095253403.0
38.45984295,-121.8315513,191.6022491,6095253404.0
38.20434082,-121.7769087,311.60742189999996,6095253500.0
38.25292084,-121.9542623,268.0578613,6095980000.0
38.21616289,-122.43087009999999,191.54585269999998,6097150100.0
38.31882342,-122.4393635,613.3991699,6097150202.0
38.27753701,-122.4621595,257.16409300000004,6097150203.0
38.30035647,-122.52292859999999,653.7956542999999,6097150303.0
38.30672845,-122.4902314,305.3102722,6097150304.0
38.32599873,-122.4928082,462.01290889999996,6097150305.0
38.33593441,-122.470744,614.3325806,6097150306.0
38.38342791,-122.49700700000001,598.6939697,6097150500.0
38.24402381,-122.6067858,292.0982971,6097150602.0
38.24986978,-122.61908600000001,286.42080689999995,6097150603.0
38.27687097,-122.63927549999998,363.5975952,6097150607.0
37.65184028,-122.08513290000002,268.0482788,6001436602.0
37.69304665,-121.8924195,187.8648071,6001450743.0
37.94024695,-122.0080865,625.4951782,6013337300.0
37.86684553,-122.2771324,396.5735168,6001423000.0
37.820808299999996,-122.2733924,311.6574707,6001401400.0
38.28666926,-122.28911229999999,300.4438171,6055200203.0
37.78509102,-122.43406159999999,407.9016724,6075015500.0
37.68112341,-122.47879280000001,406.14865110000005,6081601400.0
37.40867568,-122.1302134,295.6315308,6085510600.0
37.48248749,-122.19140490000001,228.33422850000002,6081610400.0
37.34654858,-121.87870829999999,285.4719849,6085501200.0
37.35791063,-121.8538334,275.841156,6085503707.0
37.29736694,-121.96933829999999,266.4276733,6085506605.0
38.10444857,-122.2101537,461.2240295,6095250200.0
38.334218299999996,-122.70020149999999,244.0696716,6097151301.0
37.58691106,-122.0766221,196.0959015,6001440304.0
37.90109285,-122.30516409999998,333.1349182,6013389200.0
37.68116634,-121.8866007,250.16973880000003,6001450604.0
37.78705481,-122.4120563,357.8235168,6075012302.0
37.379593799999995,-122.0565362,300.8475342,6085509107.0
